CarName,BaseMSRP
2012-acura-tl,35605
2011-jaguar-xf,52500
2004-honda-element,16100
2014-chevrolet-traverse,30795
2005-toyota-tacoma,13415
2008-ford-edge,25565
2010-chevrolet-silverado,24090
2016-ford-focus,17225
2012-toyota-camry,21955
2009-gmc-yukon,37705
2011-subaru-outback,23195
2013-toyota-tacoma,17625
2008-lexus-rx,37400
2007-volvo-xc90,36135
2015-honda-accord,22105
2008-volvo-xc70,36775
2004-ford-f-150,21215
2011-bmw-x5,45800
2003-jeep-liberty,17235
2016-kia-sorento,24900
2006-chevrolet-aveo,9455
2007-volvo-s40,23755
2004-hyundai-santa,17999
2002-nissan-xterra,17999
2002-jeep-liberty,16450
2005-honda-cr-v,19995
2013-chevrolet-equinox,23755
2010-ford-edge,26920
2000-toyota-4runner,21938
2014-honda-civic,18390
2014-subaru-impreza,17895
2013-cadillac-ats,33990
2008-audi-q7,42500
2016-jeep-patriot,17595
2008-ford-f-150,17645
2015-dodge-dart,16495
2012-ford-super,29065
2008-pontiac-g5,15475
2015-jaguar-f-type,65000
2018-ford-focus,17860
2008-toyota-camry,18570
2007-mini-cooper,18050
2016-lexus-es,38000
2013-dodge-dart,15995
2016-bmw-x3,38950
2013-audi-a5,37850
2009-volkswagen-eos,31615
2016-mercedes-benz-c-class,38950
2005-toyota-highlander,24080
2012-chrysler-200,18995
2015-nissan-versa,15000
2004-ford-mustang,17720
2004-pontiac-grand,21760
2013-hyundai-sonata,20895
2007-chevrolet-tahoe,33115
2009-nissan-murano,26330
2018-nissan-sentra,16990
2008-dodge-grand,26805
2003-ford-f-150,18715
2013-nissan-altima,21500
2014-chrysler-300,30545
2015-toyota-camry,22970
2012-kia-sorento,23150
2013-jeep-wrangler,22195
2007-gmc-yukon,33815
2011-chevrolet-silverado,24090
2012-honda-accord,21380
2016-dodge-journey,20895
2018-hyundai-sonata,22050
2014-buick-lacrosse,33135
2014-jeep-cherokee,22995
2013-ford-escape,25895
2014-mazda-cx-5,21195
2008-gmc-yukon,34790
2013-chevrolet-traverse,30340
2017-gmc-terrain,24995
2017-jeep-renegade,17995
2018-hyundai-elantra,16950
2005-chevrolet-tahoe,34750
2018-buick-regal,29995
2013-dodge-avenger,18995
2012-buick-verano,22585
2005-lexus-ls,55675
2007-ford-f-150,18790
2002-subaru-outback,22895
2001-toyota-tundra,15605
2007-mercury-mountaineer,27300
2010-subaru-outback,22995
2007-toyota-rav4,20850
2014-volkswagen-passat,20895
2011-jeep-wrangler,22045
2004-chevrolet-silverado,19995
2002-ford-ranger,12270
2012-jeep-wrangler,22045
2012-chevrolet-sonic,14495
2008-toyota-tundra,22290
2005-jeep-grand,26130
2006-honda-odyssey,25345
2009-ford-f-150,21095
2001-honda-accord,15350
2007-honda-element,18900
2017-hyundai-elantra,17150
2004-jeep-wrangler,16270
2002-chevrolet-monte,19985
2018-mazda-cx-5,24150
2008-chrysler-sebring,18690
2014-chevrolet-malibu,23000
2012-mazda-mx-5,23470
2017-chevrolet-malibu,21680
2016-chevrolet-malibu,23120
2012-chevrolet-silverado,25635
2014-ford-fusion,21900
2003-nissan-xterra,17999
2012-dodge-durango,28895
2005-honda-accord,16195
2015-chevrolet-impala,27885
2013-gmc-acadia,34050
2012-chevrolet-corvette,49600
2012-fiat-500,15500
2010-chevrolet-impala,23890
2009-jeep-liberty,22715
2017-toyota-camry,23070
2014-toyota-tacoma,17875
2008-nissan-altima,20490
2016-cadillac-ct6,53495
2006-audi-a4,27640
2000-chevrolet-silverado,15355
2007-chevrolet-cobalt,13790
2011-ford-f-150,22415
2015-dodge-charger,27995
2010-cadillac-escalade,62205
2012-audi-q7,46250
2016-hyundai-veloster,18000
2005-ford-five,22145
2003-honda-cr-v,19360
2015-chrysler-200,21700
2014-subaru-forester,21995
2012-hyundai-elantra,15195
2010-chevrolet-tahoe,37280
2015-ram-1500,25060
2009-chevrolet-avalanche,35460
2016-buick-encore,24065
2012-gmc-terrain,25560
2014-chevrolet-silverado,30405
2017-chevrolet-equinox,1750
2018-ford-fusion,22120
2013-ford-explorer,29100
2016-dodge-dart,16695
2016-toyota-corolla,17300
2001-ford-ranger,11800
2011-gmc-yukon,38535
2016-dodge-charger,27995
2005-infiniti-qx56,47750
2006-lexus-rx,36370
2015-toyota-tacoma,20965
2016-chevrolet-cruze,17495
2009-subaru-forester,19995
2009-ford-flex,28295
2006-nissan-altima,17650
2019-chevrolet-camaro,25000
2016-cadillac-ats,60465
2017-nissan-rogue,23820
2017-fiat-124,24995
2008-mercedes-benz-s-class,86700
2017-chevrolet-camaro,26305
2014-ram-1500,24200
2012-honda-civic,15805
2012-nissan-versa,10990
2015-ford-explorer,30600
2018-toyota-rav4,24410
2008-honda-cr-v,20700
2012-volkswagen-eos,33995
2012-dodge-challenger,24995
2018-chevrolet-malibu,21680
2016-ford-f-150,60000
2015-chevrolet-tahoe,44600
2004-toyota-camry,19045
2008-honda-civic,14810
2017-honda-accord,22355
2018-dodge-grand,25995
2004-honda-pilot,27100
2017-hyundai-accent,14745
2017-ford-escape,23600
2004-jeep-grand,27260
2010-acura-mdx,42230
2001-toyota-camry,18965
2017-ford-explorer,31160
2006-toyota-camry,18445
2005-chevrolet-colorado,15695
2014-nissan-leaf,28980
2018-dodge-challenger,26995
2007-jeep-compass,15425
2005-cadillac-cts,31700
2009-gmc-sierra,18435
2017-dodge-grand,24995
2011-cadillac-cts,35165
2009-bmw-x6,55900
2015-hyundai-sonata,21150
2006-honda-civic,14560
2016-kia-soul,15800
2010-chevrolet-traverse,29224
2012-kia-soul,13900
2010-volkswagen-touareg,40850
2006-nissan-xterra,19950
2013-kia-optima,21350
2018-nissan-titan,30030
2005-ford-focus,13005
2012-dodge-avenger,18995
2012-nissan-altima,20410
2014-chevrolet-camaro,24550
2008-toyota-4runner,28015
2008-gmc-sierra,17070
2002-chevrolet-silverado,17518
2011-mazda-cx-7,21990
2005-lexus-es,31975
2011-chevrolet-cruze,16275
2014-ford-focus,16200
2010-toyota-venza,26275
2001-gmc-sierra,16525
2006-ford-f-150,18790
2006-buick-lacrosse,22935
2012-ford-focus,16270
2004-gmc-yukon,34910
2010-toyota-prius,22000
2016-jeep-cherokee,23395
2001-chevrolet-malibu,17020
2015-gmc-sierra,26605
2015-toyota-tundra,29120
2015-ford-mustang,23600
2003-toyota-sequoia,31625
2010-ford-flex,28495
2011-chevrolet-camaro,22680
2017-honda-civic,18740
2003-volkswagen-golf,15295
2016-buick-verano,21065
2017-kia-sportage,22900
2017-buick-envision,34065
2006-jeep-grand,27165
2002-jeep-grand,25500
2006-mazda-3,13710
2008-nissan-armada,35250
2012-chevrolet-cruze,16720
2005-toyota-camry,18045
2014-ford-escape,22700
2017-mercedes-benz-c-class,39500
2015-chevrolet-silverado,31310
2007-jeep-grand,27665
2017-mazda-cx-5,24045
2016-hyundai-sonata,21750
2018-toyota-corolla,18500
2014-chevrolet-impala,27535
2017-nissan-altima,22500
2017-infiniti-q50,33950
2016-chrysler-200,21995
2019-nissan-rogue,25975
2017-chevrolet-cruze,16975
2011-toyota-prius,23050
2018-toyota-yaris,15635
2017-volkswagen-jetta,17895
2016-infiniti-qx50,34450
2017-hyundai-sonata,21600
2017-chevrolet-volt,34000
2014-honda-accord,21955
2004-bmw-x5,40995
2006-honda-pilot,26995
2006-toyota-highlander,24530
2005-jeep-liberty,19190
2018-gmc-sierra,29000
2003-honda-civic,20010
2006-acura-tsx,27890
2013-chevrolet-silverado,29550
2013-ford-focus,16200
2016-ford-escape,23590
2017-ford-fusion,22610
2003-mercedes-benz-sl,85990
2016-ford-explorer,30700
2002-ford-f-150,18240
2005-nissan-murano,26850
2010-chevrolet-suburban,40635
2007-hyundai-entourage,23795
2012-gmc-sierra,22195
2007-ford-focus,14310
2004-mitsubishi-outlander,18397
2003-mercury-grand,23820
2015-jeep-cherokee,22995
2013-honda-civic,18165
2011-nissan-rogue,20830
2006-nissan-murano,27450
2009-chevrolet-tahoe,36965
2001-buick-century,19840
2011-ford-explorer,28995
2013-ford-mustang,22200
2014-hyundai-genesis,26350
2005-toyota-sienna,23225
2009-saturn-aura,22655
2002-toyota-sequoia,31625
2012-infiniti-g,32600
2010-honda-accord,21055
2014-nissan-altima,21860
2009-mercedes-benz-m-class,45475
2010-ford-expedition,35085
2018-gmc-yukon,3000
2018-mitsubishi-outlander,34595
2017-nissan-sentra,16990
2019-ford-escape,1295
2010-lexus-es,35175
2010-ford-f-150,21380
2012-nissan-maxima,32420
2019-ford-mustang,26120
2010-acura-tsx,29310
2013-toyota-venza,27770
2008-nissan-xterra,21130
2005-dodge-neon,13615
2006-honda-accord,17995
2018-fiat-124,24995
2019-nissan-frontier,4000
2013-hyundai-veloster,17450
2008-subaru-impreza,16995
2009-lexus-lx,75705
2010-nissan-versa,10990
2018-chevrolet-trax,21000
2008-chevrolet-silverado,20260
2019-chevrolet-malibu,22090
2002-buick-lesabre,24290
2014-hyundai-veloster,17800
2017-nissan-maxima,32560
2018-dodge-journey,22495
2014-mercedes-benz-e-class,51900
2017-bmw-4,42150
2012-mazda-6,20240
2017-ford-expedition,46225
2016-chevrolet-camaro,26695
2014-jeep-patriot,15995
2018-nissan-370z,29990
2016-buick-lacrosse,31065
2016-bmw-x1,34800
2013-dodge-challenger,25795
2018-honda-civic,18840
2012-jaguar-xk,84500
2016-mercedes-benz-cla,32050
2014-cadillac-srx,37505
2017-kia-forte,16490
2016-hyundai-elantra,17250
2017-kia-soul,16100
2012-toyota-prius,24000
2008-jeep-commander,27415
2011-chevrolet-tahoe,37570
2007-toyota-sienna,24155
2010-chevrolet-cobalt,14990
2006-toyota-matrix,15110
2008-hyundai-elantra,13525
2000-gmc-yukon,35178
2003-saturn-ion,11510
2009-bmw-x5,47500
2014-acura-mdx,42290
2018-ford-escape,23850
2014-honda-cr-v,22945
2017-buick-enclave,39990
2012-chevrolet-camaro,23200
2017-ford-mustang,24645
2016-buick-cascada,33065
2012-mercedes-benz-e-class,50490
2019-toyota-4,36000
2015-ford-transit,29565
2016-subaru-outback,24995
2003-chevrolet-silverado,18191
2009-hyundai-elantra,14120
2000-ford-f-150,15285
2006-honda-cr-v,20395
2008-infiniti-g37,34250
2017-honda-pilot,29995
2012-nissan-titan,27710
2000-cadillac-eldorado,39120
2012-toyota-rav4,22650
2012-honda-odyssey,28225
2012-subaru-forester,20595
2011-subaru-impreza,17495
2012-subaru-legacy,19995
2004-chrysler-sebring,18640
2010-ford-escape,20515
2012-subaru-outback,23295
2009-chevrolet-corvette,48565
2014-bmw-4,40500
2011-ford-taurus,25170
2013-chevrolet-camaro,24245
2011-buick-regal,26245
2011-honda-pilot,28045
2006-mazda-mx-5,21435
2008-toyota-prius,22475
2005-ford-super,22570
2010-honda-cr-v,21545
2006-audi-a6,43970
2002-mercury-grand,23645
2010-kia-optima,17995
2017-nissan-frontier,18390
2019-chevrolet-tahoe,1295
2018-toyota-tacoma,25200
2017-toyota-tundra,30120
2004-ford-explorer,26285
2014-gmc-sierra,24500
2015-chevrolet-colorado,20120
2009-dodge-caliber,16460
2012-toyota-tundra,25155
2019-toyota-tacoma,25000
2013-hyundai-elantra,16695
2017-ford-edge,28950
2017-volkswagen-beetle,19995
2018-chevrolet-equinox,23580
2010-honda-civic,15455
2016-kia-forte,15990
2017-toyota-tacoma,24120
2019-jeep-compass,1495
2018-nissan-frontier,18990
2017-cadillac-xt5,2340
2017-jeep-patriot,17895
2016-audi-a5,41500
2018-hyundai-santa,30850
2017-hyundai-santa,30800
2014-mazda-mx-5,23720
2017-jeep-compass,19795
2018-ford-mustang,25585
2010-audi-tt,37800
2017-kia-sorento,25400
2015-ford-escape,23100
2017-hyundai-tucson,22700
2019-hyundai-veloster,18500
2013-chrysler-200,18995
2011-nissan-370z,31200
2016-toyota-tacoma,23300
2017-subaru-legacy,21995
2014-toyota-tundra,25920
2016-ford-edge,28700
2005-ford-explorer,26845
2008-subaru-outback,21995
2000-dodge-durango,25975
2015-gmc-canyon,20955
2013-ford-taurus,26600
2011-toyota-tundra,23935
2006-chevrolet-equinox,21755
2007-chevrolet-impala,20830
2008-chevrolet-suburban,38085
2010-nissan-xterra,22450
2016-toyota-tundra,32190
2013-bmw-1,31200
2016-ford-mustang,23800
2016-bmw-2,28850
2017-gmc-acadia,29995
2017-buick-cascada,33065
2004-ford-ranger,13765
2016-nissan-versa,11990
2019-kia-forte,18585
2015-nissan-juke,20250
2017-chevrolet-impala,27500
2019-hyundai-accent,14995
2014-toyota-camry,22235
2017-hyundai-azera,34100
2017-infiniti-qx50,34450
2018-subaru-outback,25895
2015-kia-soul,15100
2016-toyota-camry,23070
2014-chevrolet-volt,34185
2015-chrysler-300,31395
2019-kia-optima,23820
2018-toyota-c-hr,22500
2017-subaru-outback,26520
2018-kia-rio,13900
2016-mini-countryman,22750
2018-nissan-altima,23260
2015-bmw-5,49950
2019-ford-taurus,42520
2014-chevrolet-cruze,17270
2018-nissan-rogue,24680
2014-toyota-corolla,16800
2014-hyundai-sonata,21350
2016-kia-optima,21840
2017-buick-regal,27065
2019-toyota-corolla,19990
2017-mazda-cx-3,1170
2015-ford-fusion,22400
2015-volkswagen-jetta,16215
2017-dodge-challenger,26995
2018-jeep-cherokee,24395
2014-bmw-2,32100
2006-chevrolet-trailblazer,26700
2013-hyundai-tucson,19245
2010-dodge-grand,23175
2006-cadillac-cts,30515
2013-chevrolet-malibu,21995
2004-chevrolet-suburban,37050
2016-nissan-titan,29000
2012-toyota-tacoma,16875
2000-toyota-celica,21165
2014-gmc-terrain,26465
2019-chevrolet-equinox,1195
2006-ford-explorer,27175
2008-toyota-sienna,24340
2011-mazda-3,15800
2006-jeep-commander,27290
2016-jeep-renegade,17995
2017-dodge-journey,20995
2018-hyundai-tucson,22700
2018-ford-edge,29220
2014-toyota-highlander,29215
2016-nissan-altima,22500
2011-toyota-tacoma,16365
2010-volvo-xc60,37200
2012-hyundai-genesis,34200
2018-gmc-terrain,25990
2017-jeep-cherokee,23595
2018-buick-encore,22900
2013-dodge-charger,25995
2014-kia-sorento,24100
2007-acura-mdx,39995
2019-kia-sorento,45000
2017-nissan-titan,29580
2006-chevrolet-silverado,15840
2013-hyundai-santa,24450
2018-dodge-charger,28495
2016-ford-fusion,22110
2016-chrysler-300,31895
2011-bmw-x3,36750
2006-toyota-tacoma,13780
2018-kia-soul,16100
2019-honda-fit,16190
2019-gmc-yukon,1295
2017-jeep-wrangler,23995
2019-nissan-sentra,18700
2016-nissan-sentra,16780
2014-nissan-rogue,22790
2019-nissan-versa,13000
2018-nissan-versa,12110
2018-toyota-tundra,31120
2019-volkswagen-jetta,18745
2011-lincoln-mks,41270
2017-volkswagen-passat,22440
2017-volkswagen-golf,19895
2016-nissan-rogue,23290
2016-ford-taurus,27110
2013-toyota-prius,24200
2017-chevrolet-trax,1500
2013-ford-fusion,21700
2016-mini-hardtop,20700
2012-buick-lacrosse,29960
2007-volvo-s60,30885
2017-jeep-grand,30295
2018-jeep-renegade,17995
2012-honda-pilot,28470
2019-ford-f-150,4000
2017-bmw-x5,55500
2019-chevrolet-colorado,20500
2005-chevrolet-equinox,20995
2005-pontiac-montana,24520
2011-hyundai-tucson,18745
2005-cadillac-sts,40300
2006-chevrolet-colorado,15330
2000-lincoln-ls,31450
2015-dodge-durango,30495
2017-chevrolet-colorado,23080
2009-pontiac-g6,21165
2015-bmw-4,40600
2014-chevrolet-equinox,24736
2006-kia-sedona,22995
2016-bmw-4,41850
2018-gmc-canyon,21085
2001-buick-lesabre,24107
2019-chevrolet-silverado,30000
2019-nissan-titan,31000
2010-toyota-sequoia,38530
2009-toyota-rav4,21500
2011-ford-fusion,20000
2014-cadillac-ats,33095
2003-gmc-yukon,34305
2019-ram-1500,1695
2006-cadillac-sts,41020
2011-ford-edge,27220
2015-chevrolet-corvette,80000
2017-nissan-versa,11990
2012-chevrolet-suburban,42220
2001-chevrolet-silverado,15880
2013-chevrolet-cruze,17130
2007-chevrolet-aveo,12010
2007-bmw-z4,36430
2001-pontiac-grand,16140
2008-lexus-es,33820
2018-kia-sorento,25800
2011-toyota-sienna,24260
2015-ford-f-150,25420
2005-ford-escape,19265
2011-lincoln-mkz,34330
2005-chrysler-pt,13405
2004-ford-expedition,32090
2016-dodge-grand,21795
2017-audi-q7,54800
2015-dodge-challenger,26995
2005-honda-civic,13160
2007-cadillac-escalade,53850
2011-ford-expedition,38490
2010-ford-taurus,25170
2008-chevrolet-tahoe,34094
2013-honda-cr-v,22795
2014-jeep-grand,28795
2014-bmw-z4,44000
2011-mazda-mx-5,23110
2015-cadillac-ats,33215
2010-nissan-370z,29990
2016-jeep-compass,19495
2017-nissan-murano,29770
2019-gmc-sierra,1495
2011-lexus-hs,35100
2010-lexus-rx,37625
2006-chevrolet-hhr,15990
2007-ford-edge,25320
2012-volkswagen-tiguan,22840
2002-subaru-forester,20295
2004-toyota-highlander,24080
2012-ford-mustang,22310
2013-honda-accord,21680
2013-bmw-3,32550
2014-mercedes-benz-c,29900
2016-nissan-pathfinder,29830
2004-cadillac-escalade,51055
2014-jeep-wrangler,22395
2015-bmw-2,32100
2005-nissan-maxima,27200
2003-pontiac-grand,17030
2001-volvo-s80,36900
2006-mercedes-benz-m-class,39750
2011-bmw-z4,46000
2014-nissan-370z,29900
2019-honda-civic,1000
2017-hyundai-veloster,20000
2004-acura-tsx,26490
2009-nissan-altima,19900
2010-toyota-tundra,23155
2017-fiat-500l,20995
2013-lexus-rx,39310
2005-jeep-wrangler,17970
2003-honda-pilot,27360
2013-volkswagen-beetle,19795
2012-bmw-6,73600
2016-mazda-mx-5,24915
2014-hyundai-santa,24750
2011-ford-mustang,20995
2009-honda-accord,20905
2018-jeep-compass,20995
2016-subaru-legacy,21745
2013-dodge-journey,18995
2016-nissan-370z,31290
2015-honda-cr-v,23320
2003-jeep-wrangler,15665
2019-kia-rio,16200
2018-ford-flex,8200
2013-volkswagen-jetta,16720
2014-fiat-500l,19100
2014-lincoln-mkz,36190
2017-chrysler-300,32340
2009-toyota-venza,25975
2017-chevrolet-spark,13000
2014-bmw-i3,41350
2018-chevrolet-cruze,16975
2010-jeep-wrangler,21165
2016-bmw-3,33150
2017-lincoln-mkz,35170
2018-kia-optima,22500
2014-subaru-xv,21995
2012-lexus-es,36725
2013-bmw-5,47500
2017-acura-mdx,43950
2003-chevrolet-suburban,36305
2011-volkswagen-jetta,15995
2014-kia-sportage,21600
2018-dodge-durango,29995
2016-toyota-prius,24200
2003-mercedes-benz-s-class,72600
2018-chevrolet-bolt,70000
2005-volvo-s60,27235
2014-cadillac-elr,75000
2002-toyota-highlander,23995
2001-chrysler-pt,16500
2005-chevrolet-silverado,20745
2013-kia-soul,14400
2009-kia-sedona,21245
2017-infiniti-qx60,10000
2010-chevrolet-equinox,22440
2001-toyota-rav4,16215
2009-toyota-tacoma,15170
2005-honda-element,17450
2002-chrysler-pt,16200
2008-jeep-grand,28520
2016-toyota-rav4,24350
2013-volvo-xc90,39500
2010-chrysler-town,25175
2008-toyota-fj,23045
2011-jeep-compass,20000
2010-chevrolet-malibu,21825
2019-ford-fiesta,15000
2011-volvo-xc60,32900
2006-ford-mustang,19115
2018-honda-accord,24445
2008-chrysler-town,22460
2008-pontiac-grand,22210
2017-ford-transit,20000
2012-mercedes-benz-s-class,93425
2007-ford-explorer,25300
2014-kia-soul,14700
2016-audi-q5,40900
2011-chevrolet-suburban,40925
2005-ford-f-150,19610
2012-ford-f-150,22990
2011-jeep-grand,30215
2003-buick-lesabre,25020
2010-gmc-sierra,20850
2009-nissan-rogue,20220
2002-chevrolet-avalanche,30465
2011-toyota-4runner,30305
2010-toyota-highlander,25855
2009-hyundai-sonata,18120
2002-mazda-protege,16335
2016-kia-sportage,1500
2007-lexus-gx,46635
2008-pontiac-g6,20290
2000-jeep-wrangler,14460
2007-chevrolet-suburban,37760
2008-honda-accord,20360
2005-gmc-sierra,18770
2004-chevrolet-colorado,16200
2011-kia-optima,18995
2010-nissan-rogue,20340
2008-saturn-outlook,29360
2008-buick-lucerne,27275
2012-jeep-grand,26995
2012-ford-explorer,28870
2015-chrysler-town,29995
2010-gmc-yukon,38020
2007-dodge-dakota,19135
2009-jeep-wrangler,20460
2004-nissan-titan,22400
2006-lincoln-navigator,50325
2001-jeep-wrangler,14890
2002-honda-civic,12810
2016-bmw-5-series,50200
2007-honda-civic,14810
2014-kia-optima,21500
2014-dodge-durango,29795
2014-volkswagen-jetta,16720
2009-honda-civic,15305
2002-toyota-rav4,16365
2016-lincoln-mkz,35190
2003-pontiac-vibe,16340
2001-chevrolet-tahoe,24941
2015-dodge-grand,21395
2015-jeep-compass,18995
2011-honda-odyssey,27800
2013-gmc-yukon,41756
2006-chevrolet-malibu,17365
2015-dodge-journey,20295
2007-nissan-xterra,20050
2003-chevrolet-trailblazer,27595
2010-honda-odyssey,26805
2013-toyota-sienna,26585
2009-volkswagen-tiguan,23200
2007-hyundai-elantra,13395
2002-cadillac-seville,43524
2008-honda-odyssey.,25645
2006-chevrolet-impala,21330
2015-ford-focus,18000
2015-gmc-yukon,46990
2011-hyundai-santa,21695
2010-honda-insight,19800
2013-dodge-grand,19995
2009-cadillac-escalade,61595
2008-dodge-avenger,18895
2016-hyundai-santa,30400
2009-toyota-camry,19195
2009-jeep-patriot,17540
2016-fiat-500x,20900
2012-jaguar-xf,53000
2009-acura-tl,34955
2009-kia-rio,11495
2011-chevrolet-corvette,48950
2014-chevrolet-spark,32500
2008-mini-cooper,18050
2007-honda-odyssey,25645
2013-mini-cooper,19700
2003-ford-escape,18800
2003-mitsubishi-galant,17767
2008-hyundai-tiburon,17025
2004-toyota-corolla,13570
2006-pontiac-g6,17865
2013-buick-enclave,39270
2012-volvo-c70,40450
2011-nissan-frontier,18200
2004-audi-tt,33250
2006-ford-escape,20070
2003-toyota-camry,18970
2009-chevrolet-hhr,18720
2012-ford-f,22990
2012-volvo-s60,31150
2009-toyota-sequoia,34150
2000-pontiac-montana,23805
2012-volkswagen-passat,19995
2008-saturn-aura,19745
2015-ram-promaster,23130
2011-bmw-3-series,33150
2015-jeep-wrangler,22795
2011-nissan-quest,27750
2006-toyota-rav4,20200
2005-chevrolet-trailblazer,27720
2006-ford-freestyle,25105
2017-bmw-m3,65990
2004-volvo-xc90,34790
2008-saturn-vue,21395
2006-chrysler-pt,13405
2009-saturn-vue,23280
2007-chrysler-300,24320
2010-nissan-titan,26320
2001-lexus-rx,33905
2008-jeep-wrangler,18660
2015-audi-a3,29900
2012-mini-countryman,21750
2012-volkswagen-cc,28515
2000-lincoln-town,38630
2007-volkswagen-passat,22960
2008-toyota-avalon,27375
2012-volkswagen-jetta,16495
2014-mazda-2,14720
2016-honda-cr-v,1300
2011-hyundai-sonata,19195
2010-mazda-6,18600
2003-acura-tl,28980
2012-ford-fiesta,13200
2014-bmw-x1,30900
2011-hyundai-azera,25495
2002-lexus-es,31505
2014-nissan-versa,13990
2008-infiniti-g35,31600
2010-jeep-liberty,23255
2006-dodge-charger,22320
2005-bmw-x3,30300
2002-toyota-4runner,26335
2016-honda-pilot,29995
2017-volvo-s60,33950
2010-toyota-tacoma,15170
2001-jeep-grand,27300
2006-kia-optima,16355
2000-chrysler-concorde,22145
2009-honda-fit,14550
2011-jeep-liberty,23250
2007-nissan-pathfinder,25600
2009-chrysler-sebring,23380
2003-gmc-sierra,18603
2011-honda-accord,21180
2004-toyota-prius,19995
2001-ford-f-150,17045
2008-buick-lacrosse,23310
2010-toyota-corolla,15350
2005-toyota-corolla,13680
2007-subaru-forester,21195
2008-toyota-rav4,21250
2007-hyundai-sonata,17195
2013-dodge-gr,19995
2006-bmw-x3,36800
2011-toyota-camry,19595
2007-honda-fit,13850
2011-subaru-forester,20495
2003-acura-mdx,35700
2010-cadillac-srx,33330
2019-toyota-camry,24800
2004-bmw-x3,30300
2005-volvo-xc90,34840
2011-toyota-highlander,27390
2006-nissan-titan,23250
2019-nissan-kicks,21200
2010-ford-fusion,19270
2019-cadillac-cts,46995
2018-cadillac-xt5,39995
2018-chrysler-300,28995
2016-bmw-x5,53900
2018-infiniti-q50,34200
2020-hyundai-elantra,19880
2018-audi-q3,32900
2002-chevrolet-suburban,35223
2008-ford-focus,14075
2015-nissan-murano,29560
2009-volkswagen-jetta,17340
2008-kia-spectra,12895
2014-chevrolet-sonic,14170
2010-hyundai-santa,21695
2010-cadillac-cts,36730
2011-bmw-5-series,44550
2012-toyota-rav,22650
2000-toyota-tacoma,11528
2007-dodge-nitro,19225
2010-hyundai-elantra,14145
2008-toyota-tacoma,14280
2011-gmc-sierra,20850
2014-acura-rdx,34520
2010-toyota-rav4,21500
2009-toyota-highlander,25705
2008-mazda-6,18990
2007-ford-fusion,17295
2005-toyota-4runner,27495
2015-subaru-legacy,20000
2012-toyota-sienna,25060
2007-saturn-sky,23115
2008-toyota-sequoia,34150
2019-honda-odyssey,30090
2009-chevrolet-impala,23790
2010-mazda-cx-7,21550
2001-dodge-durango,26650
2016-jeep-wrangler,23495
2019-acura-mdx,44300
2006-lexus-gs,42900
2007-jeep-wrangler,18105
2009-bmw-3,33600
2008-infiniti-qx56,52250
2000-gmc-sierra,16640
2005-dodge-magnum,21870
2011-dodge-charger,25000
2006-honda-ridgeline,27700
2004-toyota-tundra,15955
2004-infiniti-g35,27950
2007-chevrolet-avalanche,31790
2019-ford-fusion,22840
2014-cadillac-xts,44600
2018-jeep-grand,30595
2006-infiniti-g35,31300
2010-nissan-frontier,17540
2007-toyota-4runner,27635
2003-bmw-x5,39500
2005-dodge-dakota,18565
2008-ford-taurus,23245
2006-hyundai-sonata,17895
2001-bmw-x5,38900
2004-honda-accord,15900
2012-audi-a6,41700
2002-lexus-sc,58455
2018-cadillac-xts,45595
2002-ford-taurus,18750
2011-jeep-patriot,15995
2003-toyota-rav4,16525
2016-infiniti-qx70,45850
2006-toyota-corolla,14005
2016-dodge-challenger,26995
2005-lincoln-navigator,49790
2012-chevrolet-tahoe,38755
2010-subaru-forester,20295
2017-dodge-durango,29995
2002-mini-cooper,16850
2017-nissan-pathfinder,29990
2016-kia-rio,14165
2008-chevrolet-avalanche,33435
2007-acura-tl,33625
2011-dodge-challenger,24670
2013-lincoln-mkz,35000
2016-gmc-canyon,26725
2000-mazda-mpv,19995
2009-lexus-es,34470
2006-cadillac-srx,39995
2008-cadillac-dts,41770
2009-mercedes-benz-c-class,32900
2008-ford-expedition,30620
2015-subaru-wrx,26295
2019-dodge-challenger,1495
2019-buick-enclave,1195
2019-lincoln-mkz,35995
2018-buick-envision,34015
2019-mercedes-benz-c-class,41400
2016-cadillac-srx,37605
2014-hyundai-tucson,21450
2010-mazda-cx-9,28635
2005-dodge-durango,26735
2000-subaru-legacy,19195
2014-toyota-rav4,23550
2011-lexus-ct,29120
2014-jeep-compass,18495
2003-subaru-baja,23995
2015-jeep-patriot,16695
2014-hyundai-elantra,17250
2011-toyota-corolla,15600
2003-chrysler-pt,16275
2002-honda-accord,15500
2008-toyota-yaris,11350
2007-bmw-x5,45125
2011-infiniti-g,30950
2007-nissan-sentra,14750
2005-lexus-rx,35775
2003-mercedes-benz-sl-class,85990
2010-ford-transit,20780
2008-chrysler-300,24595
2017-subaru-impreza,19215
2005-subaru-outback,23995
2018-chevrolet-tahoe,47450
2013-mazda-3,16700
2004-chevrolet-corvette,43735
2019-jeep-cherokee,24690
2012-volkswagen-gti,23695
2013-gmc-sierra,29550
2004-mercedes-benz-e-class,48170
2006-cadillac-escalade,53850
2005-honda-odyssey,24995
2001-volkswagen-jetta,16850
2006-mini-cooper,16950
2003-chevrolet-tahoe,33605
2006-jeep-liberty,20970
2012-mini-cooper,19500
2009-mazda-rx-8,26435
2009-chevrolet-suburban,40370
2012-hyundai-tucson,19145
2017-ford-flex,29710
2011-bmw-5,44550
2003-mazda-mpv,22690
2018-toyota-4runner,34410
2010-toyota-fj,23680
2011-toyota-fj,25090
2004-mercury-mountaineer,29350
2015-volkswagen-golf,17995
2008-nissan-titan,23700
2014-toyota-4runner,32820
2006-nissan-350z,27650
2012-hyundai-accent,12445
2002-chevrolet-malibu,17650
2015-mercedes-benz-c-class,38400
2017-toyota-sequoia,45560
2005-toyota-tundra,15955
2020-ford-escape,1245
2002-toyota-tacoma,11900
2010-chevrolet-camaro,22245
2011-chevrolet-impala,24390
2019-hyundai-tucson,1045
2015-infiniti-q50,37150
2008-pontiac-torrent,23520
2005-honda-pilot,27350
2008-volkswagen-jetta,16990
2005-gmc-envoy,29750
2011-chevrolet-traverse,29224
2017-ford-fiesta,13660
2017-bmw-x1,32800
2007-chevrolet-hhr,16595
2008-bmw-x3,39425
2006-audi-a3,24740
2016-volvo-xc60,36400
2014-buick-verano,23700
2015-jeep-grand,29995
2016-mercedes-benz-c,38950
2005-gmc-yukon,35635
2015-bmw-3,37400
2007-hyundai-veracruz,26305
2016-volkswagen-passat,22440
2018-honda-cr-v,24150
2019-ford-edge,30990
2001-chevrolet-suburban,25291
2012-mercedes-benz-c-class,34800
2014-infiniti-q50,37150
2016-mazda-cx-5,21795
2003-ford-focus,12680
2017-honda-cr-v,24045
2009-chevrolet-silverado,21585
2011-buick-enclave,35615
2009-jaguar-xf,49200
2006-gmc-canyon,15330
2010-gmc-acadia,31740
2004-saturn-vue,16775
2002-lexus-rx,33955
2007-acura-rdx,32995
2018-ford-transit,23120
2012-toyota-corolla,16130
2014-kia-forte,16000
2010-nissan-pathfinder,27440
2013-mercedes-benz-gl-class,61570
2009-audi-q7,43500
2017-toyota-prius,24685
2010-mercedes-benz-gl-class,59950
2019-honda-insight,23725
2007-chevrolet-colorado,14910
2018-ford-explorer,31990
2005-pontiac-g6,20675
2002-bmw-x5,38900
2010-toyota-camry,19395
2013-kia-rio,13600
2005-chevrolet-suburban,37850
2020-jeep-gladiator,35000
2005-nissan-350z,26500
2006-acura-tl,33100
2012-chevrolet-volt,39145
2008-jeep-liberty,20330
2000-honda-civic,10750
2007-kia-rondo,17895
2009-audi-a4,31000
2000-honda-accord,15350
2007-toyota-avalon,26875
2005-subaru-legacy,20995
2002-ford-explorer,24020
2011-cadillac-escalade,63160
2013-fiat-500,15500
2001-ford-excursion,34245
2017-mitsubishi-outlander,23495
2004-chevrolet-avalanche,32515
2002-ford-escape,18415
2012-nissan-sentra,16060
2009-chevrolet-malibu,21605
2003-ford-explorer,25970
2009-volkswagen-passat,30000
2019-hyundai-kona,19500
2010-jeep-compass,18720
2011-kia-sportage,18295
2011-mini-cooper,19400
2019-ford-f,4000
2010-kia-soul,13300
2004-gmc-sierra,20652
2012-chevrolet-cruz,16720
2008-honda-odyssey,25645
2004-chrysler-pacifica,31230
2013-subaru-brz,25495
2001-mitsubishi-eclipse,23347
2008-dodge-charger,21675
2017-toyota-4runner,34210
2004-toyota-sienna,22955
2006-bmw-3-series,30995
2003-toyota-tundra,15605
2005-toyota-prius,20875
2002-ford-excursion,32820
2008-lexus-gs,44150
2018-chevrolet-impala,27895
2004-mitsubishi-endeavor,25597
2016-lexus-rx,41900
2019-subaru-wrx,27195
2013-lexus-ct,31850
2009-jeep-grand,30150
2008-subaru-legacy,20495
2001-toyota-sienna,23905
2007-lexus-gs,44150
2017-audi-q3,31800
2009-cadillac-sts,46410
2014-ford-transit,20000
2017-dodge-charger,35000
2000-ford-explorer,19970
2006-toyota-prius,21725
2010-mercury-mariner,23035
2014-mercedes-benz-s-class,92900
2009-mitsubishi-eclipse,20000
2007-volkswagen-rabbit,14990
2010-subaru-impreza,17495
2002-dodge-caravan,19155
2013-toyota-camry,22235
2012-cadillac-srx,35185
2011-chevrolet-equinox,22745
2016-honda-fit,15790
2017-chevrolet-tahoe,47215
2007-chrysler-pt,15405
2015-ford-super,31045
2019-jeep-grand,1495
2010-subaru-legacy,19995
2005-nissan-titan,22650
2008-lincoln-navigator,47755
2012-chrysler-300,27170
2012-audi-a7,59250
2014-buick-enclave,38740
2017-audi-a4,37300
2017-ford-focus,11000
2014-fiat-500,19100
2007-jeep-patriot,14425
2007-honda-ridgeline,27800
2015-mazda-cx-9,29985
2000-ford-excursion,34135
2000-ford-mustang,16520
2007-mitsubishi-outlander,21370
2013-ford-flex,30885
2009-dodge-journey,19360
2007-saturn-outlook,27255
2010-volvo-xc70,37950
2000-ford-focus,11960
2007-pontiac-solstice,21515
2003-volkswagen-passat,21750
2019-dodge-charger,1495
2006-volvo-s40,23755
2014-bmw-5,49500
2011-bmw-3,33150
2018-volkswagen-jetta,18545
2004-chevrolet-trailblazer,27145
2007-toyota-tacoma,14080
2008-bmw-3,32700
2009-mazda-cx-7,23900
2009-nissan-sentra,16730
2016-bmw-6,77300
2004-chevrolet-tahoe,34200
2002-ford-thunderbird,34965
2008-nissan-sentra,15750
2011-dodge-durango,29195
2010-mazda-3,15045
2006-volkswagen-touareg,37320
2019-toyota-yaris,17500
2017-bmw-i3,42400
2015-infiniti-qx60,42400
2011-chrysler-200,19245
2005-mini-cooper,16449
2007-chevrolet-equinox,22180
2017-gmc-canyon,20940
2010-kia-forte,13695
2013-nissan-sentra,15990
2004-ford-freestar,24460
2002-ford-focus,12470
2018-chevrolet-suburban,50150
2006-chrysler-300,23775
2014-chrysler-town,30765
2008-ford-escape,18580
2007-toyota-camry,19520
2009-mazda-cx-9,29820
2007-chrysler-sebring,18320
2001-ford-mustang,16805
2010-dodge-journey,20490
2006-ford-f,18790
2005-cadillac-srx,38340
2001-chevrolet-blazer,19170
2001-toyota-celica,16985
2012-mazda-3,15200
2002-kia-sportage,14645
2002-mercedes-benz-c-class,24950
2005-ford-ranger,14365
2004-lexus-ls,55125
2018-acura-tlx,33000
2010-bmw-5,45800
2002-gmc-yukon,36157
2002-bmw-3,27100
2011-acura-tsx,29610
2010-toyota-4runner,27500
2003-lexus-gx,44925
2010-lexus-gx,51970
2014-bmw-320,32550
2010-buick-enclave,35515
2001-honda-civic,12960
2008-volkswagen-passat,23990
2012-honda-fit,15175
2013-chevrolet-tahoe,40405
2015-subaru-brz,25695
2019-chevrolet-suburban,1295
2004-ford-thunderbird,36925
2019-ford-expedition,6000
2013-mercedes-benz-gl,61570
2014-jaguar-f-type,69000
2016-nissan-juke,20250
2006-acura-mdx,37125
2000-volkswagen-eurovan,31300
2002-nissan-pathfinder,26649
2019-jeep-wrangler,1495
2011-chrysler-300,27170
2000-toyota-corolla,12418
2005-nissan-frontier,15500
2016-cadillac-xts,45295
2019-toyota-rav4,26500
2016-ford-flex,29600
2006-bmw-3,30995
2015-kia-sedona,25900
2010-chevrolet-hhr,18720
2001-chevrolet-monte,19570
2010-lexus-is,31845
2012-gmc-yukon,40085
2018-volvo-xc90,46900
2007-bmw-x3,38000
2016-nissan-murano,29660
2017-bmw-m4,66200
2016-audi-a3,30900
2008-acura-mdx,40195
2002-chevrolet-trailblazer,25755
2017-audi-a6,47600
2008-ford-fusion,17770
2001-subaru-forester,20295
2006-volkswagen-jetta,17900
2009-buick-enclave,32790
2019-gmc-canyon,21400
2018-nissan-maxima,33270
2006-chrysler-town,20925
2019-honda-ridgeline,30000
2019-honda-pilot,31450
2019-subaru-forester,24295
2015-jeep-renegade,17995
2000-chevrolet-tahoe,25604
2000-mercury-sable,18845
2011-lexus-is,32145
2015-subaru-outback,24895
2016-jeep-grand,29995
2001-ford-super,20880
2019-nissan-pathfinder,32200
2013-ford-f,30885
2005-hyundai-santa,21499
2016-hyundai-genesis,38750
2004-honda-civic,13010
2008-ford-mustang,19250
2007-nissan-frontier,16050
2007-jeep-commander,27915
2013-chevrolet-suburban,43870
2020-chevrolet-malibu,22970
2016-acura-ilx,27900
2019-honda-passport,33000
2010-nissan-murano,28050
2019-toyota-4runner,36000
2018-honda-fit,16190
2001-nissan-pathfinder,26399
2000-ford-ranger,11485
2003-ford-ranger,13010
2004-nissan-altima,16850
2007-bmw-3,43200
2008-ford-explorer,25755
2000-chevrolet-suburban,26421
2010-lexus-hs,33000
2005-audi-a4,27350
2006-dodge-dakota,19785
2005-volkswagen-new,16570
2008-dodge-dakota,19435
2009-toyota-yaris,12205
2010-mercedes-benz-c-class,33600
2016-toyota-4runner,33810
2000-gmc-sonoma,13124
2019-infiniti-qx60,5000
2011-honda-civic,15605
2011-nissan-maxima,31400
2007-nissan-maxima,28050
2013-mercedes-benz-c,115300
2007-pontiac-grand,21745
2000-mercury-grand,22415
2010-ford-e,26920
2009-mini-cooper,18550
2014-mini-cooper,19950
2009-dodge-grand,27825
2017-chrysler-pacifica,28595
2006-nissan-frontier,15600
2015-volvo-v60,35300
2014-ford-super,30035
2015-acura-tlx,30995
2018-toyota-camry,23495
2017-toyota-sienna,29750
2016-infiniti-qx80,63250
2010-ford-ranger,17740
2004-toyota-matrix,14670
2010-audi-a5,36000
2007-honda-cr-v,20600
2014-lexus-is,35950
2009-saturn-sky,27595
2012-lexus-rx,39075
2002-buick-century,20285
2011-gmc-terrain,24250
2006-ford-five,22230
2020-toyota-corolla,20555
2010-lincoln-mkt,44200
2009-mazda-6,18550
2001-chrysler-sebring,19910
2000-mercury-mountaineer,37370
2018-infiniti-q60,38950
2018-chrysler-pacifica,26995
2009-buick-lucerne,29265
2008-lincoln-mkz,30790
2019-hyundai-sonata,22500
2017-lexus-rc,40155
2001-toyota-tacoma,11845
2007-pontiac-g5,14725
2016-mazda-6,21495
2002-mazda-626,18735
2005-chevrolet-corvette,43445
2017-cadillac-escalade,73395
2005-mazda-3,13680
2018-lincoln-navigator,72055
2003-infiniti-g35,27100
2015-chevrolet-suburban,47300
2000-ford-taurus,17695
2016-chrysler-town,29995
2000-chrysler-town,26360
2004-lexus-rx,35025
2006-saturn-ion,11925
2012-ford-edge,27550
2001-nissan-altima,15140
2011-chrysler-town,30160
2007-ford-mustang,19250
2005-chrysler-300,22970
2006-cadillac-dts,41990
2008-chevrolet-colorado,15165
2004-volkswagen-beetle,16330
2002-gmc-sierra,17408
2013-chevrolet-sonic,14200
2004-cadillac-deville,44650
2015-kia-sorento,24300
2009-kia-borrego,26245
2016-cadillac-escalade,72970
2007-jaguar-xk,74835
2010-honda-pilot,27895
2002-gmc-envoy,29420
2007-cadillac-dts,41170
2014-mercedes-benz-cla,29900
2017-mitsubishi-mirage,1200
2017-bmw-x4,45550
2010-buick-lacrosse,27085
2016-nissan-maxima,32410
2016-toyota-rav,24350
2010-volkswagen-tiguan,23200
2007-volkswagen-jetta,16490
2010-nissan-maxima,30460
2009-pontiac-vibe,15310
2006-mazda-6,19110
2002-toyota-avalon,25845
2011-infiniti-qx56,57200
2004-nissan-maxima,26950
2008-jeep-patriot,14425
2014-infiniti-qx60,42000
2019-mazda-cx-5,1400
2009-bmw-5,45800
2013-cadillac-xts,44075
2013-cadillac-srx,37330
2006-jeep-wrangler,18140
2005-acura-tsx,26990
2001-chevrolet-s10,12749
2017-acura-rdx,35370
2012-honda-cr-v,22295
2019-mazda-cx-3,21000
2015-honda-fit,15525
2016-honda-odyssey,29275
2018-subaru-crosstrek,21795
2007-gmc-canyon,13910
2010-hyundai-tucson,18995
2015-subaru-impreza,18195
2019-subaru-outback,26345
2004-ford-taurus,19660
2007-audi-a4,28240
2014-volkswagen-tiguan,22995
2011-acura-mdx,42580
2017-jaguar-xf,3000
2002-pontiac-bonneville,25530
2011-nissan-altima,20270
2016-lexus-nx,34965
2017-lincoln-mkc,32720
2014-honda-odyssey,28825
2013-ford-c-max,25200
2018-chevrolet-sonic,15295
2006-toyota-sienna,23625
2007-kia-optima,16355
2008-chevrolet-impala,21255
2017-jaguar-xe,34900
2014-volvo-xc90,39700
2018-volkswagen-passat,22995
2002-volvo-s60,27125
2007-saturn-aura,20495
2018-subaru-wrx,26995
2010-bmw-x5,47500
2006-nissan-pathfinder,24650
2009-cadillac-cts,36560
2010-bmw-x6,55900
2008-lexus-gx,47315
2010-mercury-milan,21180
2007-buick-lucerne,25515
2009-chrysler-town,26430
2005-chevrolet-uplander,24350
2008-chrysler-aspen,32005
2011-toyota-avalon,32595
2009-lincoln-mks,38465
2008-hyundai-veracruz,26900
2004-chevrolet-colorad,16200
2006-lexus-gx,46225
2009-honda-cr-v,21245
2019-toyota-highlander,3500
2012-acura-tsx,29810
2010-nissan-altima,19900
2011-lincoln-mkx,39145
2017-volvo-xc60,40950
2004-pontiac-vibe,16605
2008-volkswagen-touareg,39320
2003-chevrolet-corvette,41680
2003-mitsubishi-eclipse,18167
2004-saturn-ion,10430
2010-honda-ridgeline,28450
2015-honda-odyssey,28975
2009-toyota-avalon,27845
2014-bmw-3,32550
2008-cadillac-sts,42390
2007-hyundai-santa,20945
2009-mitsubishi-lancer,14190
2005-toyota-avalon,26350
2009-toyota-matrix,16190
2002-jaguar-x-type,29950
2001-toyota-corolla,12568
2003-toyota-corolla,13570
2003-ford-mustang,17475
2008-hyundai-santa,21150
2005-pontiac-grand,22900
2009-mazda-3,14490
2017-acura-ilx,27990
2016-toyota-highlander,29990
2017-volvo-xc90,45750
2006-subaru-outback,24795
2005-ford-expedition,32720
2008-audi-a5,39900
2005-ford-mustang,18785
2009-audi-a5,40700
2017-mitsubishi-lancer,17795
2002-toyota-sienna,23905
2000-lexus-es,31405
2006-buick-lucerne,26265
2014-toyota-sienna,26920
2006-pontiac-solstice,19420
2008-chevrolet-hhr,16515
2004-gmc-envoy,29120
2009-infiniti-fx,40950
2008-gmc-acadia,29735
2001-dodge-grand,19160
2005-chrysler-crossfire,29045
2008-volvo-c70,39240
2006-nissan-armada,34500
2014-buick-encore,24160
2006-chevrolet-cobalt,13900
2016-chevrolet-impala,40000
2003-dodge-caravan,19875
2008-nissan-pathfinder,25700
2010-audi-a6,45200
2009-volkswagen-touareg,39300
2011-chevrolet-malibu,21975
2011-mercedes-benz-e-class,49400
2020-honda-odyssey,32000
2013-hyundai-genesis,24250
2002-subaru-impreza,18995
2011-gmc-acadia,31840
2004-kia-amanti,24995
2011-buick-lacrosse,26495
2006-subaru-impreza,18295
2005-chrysler-pacifica,24315
2014-lexus-gx,49085
2011-ford-flex,29075
2002-toyota-tundra,15605
2013-toyota-yaris,14370
2017-kia-optima,22200
2017-cadillac-cts,45995
2017-lexus-is,37825
2011-mazda-2,13980
2006-saturn-vue,17390
2016-subaru-wrx,27390
2008-mercedes-benz-m-class,43650
2012-bmw-x3,36850
2009-dodge-charger,23895
2009-volvo-c30,23800
2003-audi-a4,24950
2006-subaru-legacy,21695
2011-hyundai-genesis,33000
2013-lincoln-navigator,57775
2007-lexus-rx,37400
2013-hyundai-accent,14545
2016-gmc-acadia,30975
2016-lincoln-mkc,35755
2011-volvo-c70,39950
2008-mazda-mx-5,20585
2003-ford-expedition,30555
2004-nissan-350z,26370
2016-ford-f,60000
2013-bmw-x3,38850
2012-ford-expedition,36305
2020-ford-explorer,1245
2010-buick-lucerne,29230
2004-mitsubishi-lancer,12597
2013-nissan-nv,25350
2004-chrysler-pt,17395
2004-nissan-murano,28200
2003-hyundai-tiburon,15999
2007-chevrolet-uplander,20205
2011-kia-sorento,19995
2014-mitsubishi-outlander,22995
2010-acura-zdx,45495
2014-nissan-pathfinder,28850
2012-nissan-juke,19770
2016-subaru-forester,22395
2010-toyota-yaris,12355
2013-toyota-4runner,31490
2009-dodge-avenger,21255
2011-nissan-armada,37910
2013-lexus-gs,46900
2008-pontiac-g8,26910
2004-toyota-sequoia,31625
2005-nissan-altima,17200
2011-mercedes-benz-e,49400
2018-chevrolet-traverse,30925
2015-lexus-rc,42950
2012-volkswagen-touareg,42975
2007-acura-rl,45780
2011-audi-a3,27270
2002-chevrolet-tahoe,32709
2004-chrysler-crossfire,34495
2017-audi-a7,68800
2003-hyundai-santa,17199
2006-toyota-avalon,26625
2008-buick-enclave,32790
2016-volkswagen-golf,18495
2010-mercedes-benz-s-class,87950
2007-nissan-versa,12450
2002-nissan-maxima,24699
2016-ford-expedition,45435
2008-audi-a6,42950
2008-cadillac-escalade,54740
2013-kia-sportage,19000
2005-kia-amanti,25200
2018-lexus-rx,43220
2004-hyundai-sonata,15999
2020-dodge-charger,31390
2019-toyota-tundra,32500
2009-kia-optima,17495
2017-audi-a8,82500
2017-mini-cooper,20950
2007-cadillac-xlr,75335
2001-chevrolet-venture,20975
2004-toyota-4runner,27170
2018-kia-sportage,23600
2004-kia-sedona,19975
2014-audi-a5,39000
2013-toyota-rav4,23300
2007-pontiac-g6,17245
2005-nissan-pathfinder,24650
2003-toyota-highlander,23880
2007-ford-expedition,29995
2016-bmw-z4,49700
2013-nissan-pathfinder,28650
2009-audi-a8,70050
2008-mitsubishi-outlander,19990
2010-mercedes-benz-e-class,48050
2006-bmw-7-series,71800
2009-bmw-7-series,81125
2004-lexus-gx,45075
2015-mitsubishi-outlander,23195
2001-toyota-avalon,25845
2016-audi-a6,46200
2014-infiniti-qx70,45850
2018-volkswagen-atlas,2100
2010-volkswagen-golf,17620
2005-infiniti-g35,30700
2008-bmw-m3,57275
2014-audi-a7,64500
2010-volkswagen-jetta,17605
2002-mitsubishi-montero,32687
2006-nissan-maxima,27750
2004-mazda-3,13680
2007-mazda-3,13895
2005-mazda-tribute,21330
2002-jeep-wrangler,15230
2002-buick-rendezvous,24924
2019-hyundai-elantra,17200
2003-chevrolet-trail,27595
2012-hyundai-veloster,17300
2002-dodge-durango,25100
2008-acura-rdx,33195
2012-cadillac-escalade,63170
2016-honda-hr-v,19115
2010-mini-cooper,18800
2019-ram-2500,1695
2009-dodge-challenger,21320
2008-audi-tt,34800
2005-lexus-gx,45775
2011-nissan-cube,14740
2011-volkswagen-golf,17995
2007-volkswagen-eos,27990
2004-honda-cr-v,19000
2010-hyundai-genesis,33000
2006-mercedes-benz-slk-class,42900
2016-kia-k900,49000
2003-toyota-tacoma,12100
2018-fiat-500,16245
2007-nissan-350z,27900
2006-subaru-forester,21795
2010-volkswagen-gti,23000
2005-chevrolet-malibu,18995
2009-lexus-is,31305
2016-bmw-3-series,33150
2005-mercedes-benz-c-class,25850
2013-hyundai-azera,32250
2007-audi-q7,49900
2012-bmw-3,34900
2008-honda-ridgeline,28000
2019-audi-q7,53550
2018-tesla-model,1000
2017-fiat-500,16995
2012-audi-q5,35600
2009-audi-a3,26920
2002-bmw-m3,45400
2000-jeep-grand,19230
2010-jeep-patriot,17795
2016-mercedes-benz-gla,32500
2012-bmw-5,46700
2006-lexus-es,32300
2000-chevrolet-cavalier,13065
2018-honda-pilot,29995
2016-bmw-x6,59800
2003-hyundai-elantra,12499
2013-bmw-3-series,32550
2000-subaru-outback,22695
2018-nissan-leaf,29990
2016-bmw-5,50200
2008-bmw-x5,46200
2019-hyundai-santa,1600
2017-mercedes-benz-gle,52000
2016-bmw-2-series,28850
2004-nissan-armada,33300
2012-toyota-avalon,33195
2011-audi-a5,36500
2013-buick-encore,24950
2011-bmw-7,70650
2008-bmw-5,44300
2015-hyundai-genesis,38000
2019-chevrolet-blazer,1195
2018-volkswagen-tiguan,25345
2020-chrysler-pacifica,28480
2020-jeep-cherokee,30000
2006-gmc-envoy,28590
2000-nissan-frontier,11590
2018-nissan-armada,46090
2004-ford-super,21750
2020-jeep-renegade,24000
2005-audi-tt,33500
2018-subaru-impreza,18495
2008-mercury-mountaineer,26050
2019-kia-soul,17500
2006-volkswagen-passat,22950
2011-ford-super,28020
2001-toyota-land,52895
2013-buick-verano,23080
2009-chevrolet-traverse,28255
2019-subaru-impreza,18595
2016-ford-fiesta,14580
2017-mazda-3,17845
2015-bmw-3-series,37400
2013-lincoln-mkx,39545
2011-dodge-grand,24995
2011-lexus-es,35525
2007-nissan-murano,27750
2008-chevrolet-cobalt,13675
2012-kia-optima,19500
2006-dodge-durango,28200
2000-subaru-forester,20295
2020-ram-1500,4995
2019-ford-explorer,31990
2001-dodge-dakota,13910
2014-mazda-6,20880
2016-lincoln-mkx,38100
2019-kia-sedona,28200
2010-ford-super,25300
2010-nissan-armada,37210
2013-mercedes-benz-cls-class,72000
2013-honda-fit,15175
2010-nissan-sentra,15420
2014-gmc-acadia,34335
2016-subaru-crosstrek,21595
2000-toyota-land,51728
2019-ford-flex,30575
2007-chevrolet-corvette,44170
2017-nissan-armada,44400
2018-bmw-5,52400
2018-bmw-x3,42650
2019-mini-cooper,1000
2009-ford-focus,14995
2019-ford-ranger,25400
2019-mercedes-benz-gle,55700
2019-infiniti-qx50,36550
2018-subaru-forester,23795
2008-bmw-3-series,32700
2017-volkswagen-touareg,49495
2005-chevrolet-avalanche,33320
2007-hyundai-azera,24535
2018-audi-q5,41500
2019-mercedes-benz-glc,40700
2016-volvo-xc90,48900
2019-kia-k900,60895
2018-volvo-v90,49950
2017-bmw-3,33450
2009-kia-rondo,17495
2011-dodge-avenger,19245
2006-mitsubishi-galant,18999
2003-chrysler-voyager,19575
2002-cadillac-deville,42590
2001-buick-regal,22845
2004-cadillac-cts,30365
2009-mercedes-benz-gl-class,59075
2000-cadillac-seville,44080
2001-kia-optima,15299
2006-ford-focus,13465
2014-lexus-ct,32050
2005-mercury-mountaineer,29525
2019-volkswagen-tiguan,24295
2006-hyundai-elantra,13675
2003-toyota-matrix,14670
2004-buick-rendezvous,26020
2012-volkswagen-beetle,18995
2012-toyota-sequoia,40930
2009-chevrolet-cobalt,15660
2004-ford-excursion,36585
2008-nissan-quest,25640
2015-acura-rdx,35095
2002-acura-rsx,19950
2012-kia-rio,13400
2017-bmw-7-series,81300
2015-lincoln-mkc,33100
2009-pontiac-torrent,24820
2000-toyota-camry,17518
2011-volvo-xc90,38200
2003-cadillac-cts,29350
2008-chevrolet-equinox,23035
2001-lincoln-continental,39380
2012-toyota-venza,27425
2014-bmw-x3,39800
2000-lexus-lx,60105
2017-mercedes-benz-cla,32050
2002-dodge-dakota,14810
2006-chevrolet-corvette,44190
2009-cadillac-dts,41770
2019-volkswagen-atlas,32000
2007-kia-rio,10770
2018-nissan-pathfinder,30790
2011-volvo-s80,36950
2012-bmw-z4,48650
2012-mazda-5,19195
2011-nissan-murano,46390
2012-toyota-fj,25990
2008-chrysler-pt,14940
2006-dodge-caravan,18380
2003-chevrolet-avalanche,31394
2000-lexus-rx,33005
2016-mercedes-benz-gle-class,51100
2017-audi-q5,40900
2015-ford-f,25420
2004-mercedes-benz-clk,44350
2004-jeep-liberty,18060
2010-mercedes-benz-c,33600
2012-toyota-4runner,31090
2000-chevrolet-corvette,38555
2016-buick-enclave,39065
2018-lexus-ls,75000
2019-gmc-acadia,1195
2004-nissan-sentra,12200
2003-mini-cooper,16425
2009-chevrolet-aveo5,10000
2006-hyundai-tucson,17495
2006-mercedes-benz-clk,45750
2008-hyundai-accent,10775
2010-chrysler-sebring,20120
2014-infiniti-qx80,62550
2019-audi-q5,44000
2001-pontiac-bonneville,25075
2004-chevrolet-impala,21485
2000-cadillac-deville,39500
2019-ford-super,33150
2018-acura-mdx,44200
2019-ford-ecosport,21000
2011-hyundai-elantra,14830
2013-mini-countryman,22000
2014-jaguar-xf,46975
2019-chevrolet-trax,1500
2011-nissan-juke,18960
2001-lincoln-ls,31990
2004-acura-mdx,36400
2005-hyundai-tucson,17499
2011-hyundai-equus,58000
2014-toyota-fj,27130
2012-bmw-3-series,34900
2019-nissan-maxima,35000
2003-ford-crown,23805
2003-ford-windstar,22710
2004-subaru-forester,20895
2013-mercedes-benz-e-class,51000
2001-mitsubishi-montero,30997
2017-honda-ridgeline,29475
2016-mazda-3,16945
2011-volkswagen-touareg,44450
2003-buick-park,34075
2014-toyota-prius,24200
2010-infiniti-ex,33800
2007-lexus-ls,61000
2002-toyota-camry,18970
2005-cadillac-escalade,52635
2019-gmc-terrain,1195
2019-jeep-renegade,1495
2011-lincoln-navigator,57155
2005-infiniti-fx,34750
2019-honda-accord,24615
2014-acura-ilx,26900
2015-honda-cr,23320
2017-kia-niro,22890
2009-nissan-titan,25960
2019-lincoln-mkc,33995
2012-subaru-impreza,17495
2018-ford-expedition,51695
2001-pontiac-firebird,18725
2002-mazda-tribute,18155
2019-mazda-cx,21000
2002-toyota-4,26335
2001-acura-integra,19300
2012-lexus-ct,29120
2019-subaru-legacy,22545
2001-mercury-grand,22805
2004-chevrolet-aveo,9455
2010-honda-fit,14900
2001-volvo-v70,32400
2018-audi-a7,69700
2018-mazda-cx-3,19960
2017-buick-lacrosse,33000
2005-buick-lacrosse,22835
2000-ford-f-,15285
2005-chevrolet-aveo,9455
2000-dodge-neon,12460
2007-mitsubishi-galant,19899
2007-chrysler-aspen,30745
2009-gmc-acadia,31890
2004-hyundai-elantra,13299
2013-mazda-cx-5,20695
2007-mercedes-benz-e-class,52325
2008-dodge-caliber,13425
2008-volvo-c30,22700
2005-buick-rendezvous,26585
2006-lincoln-town,42055
2003-gmc-envoy,28245
2012-volkswagen-golf,17995
2009-ford-edge,26635
2004-lincoln-navigator,48635
2003-subaru-legacy,19495
2019-buick-encore,1500
2002-ford-super,21120
2004-ford-escape,18710
2005-chevrolet-cobalt,13625
2003-volkswagen-beetle,15950
2011-cadillac-cts-v,40000
2019-subaru-ascent,31995
2007-dodge-charger,22800
2016-cadillac-cts,45560
2006-mercury-mountaineer,29150
2017-cadillac-ct6,53495
2001-gmc-yukon,45950
2007-saturn-vue,17995
2012-volvo-c30,24950
2010-gmc-terrain,24995
2003-nissan-350z,26269
2011-audi-a4,31950
2002-toyota-prius,19995
2018-buick-enclave,39995
2014-hyundai-accent,14645
2000-honda-odyssey,23400
2007-hyundai-tucson,16895
2009-chevrolet-aveo,11965
2015-bmw-i8,135700
2006-volvo-c70,38710
2014-ram-promaster,28630
2019-chevrolet-sonic,1400
2019-cadillac-escalade,1295
2005-saturn-ion,11430
2006-lincoln-zephyr,29995
2012-mercedes-benz-slk,54800
2013-acura-ilx,25900
2007-dodge-magnum,22945
2000-mitsubishi-eclipse,17697
2005-volvo-s80,35900
2007-toyota-yaris,10950
2002-chevrolet-impala,19960
2015-infiniti-qx,42400
2018-honda-odyssey,29990
2017-volvo-v60,36150
2007-dodge-caliber,13425
2008-volvo-xc90,36210
2012-volvo-xc60,33300
2008-dodge-nitro,19595
2016-bmw-i8,140700
2009-nissan-370z,29930
2017-bmw-x3,38050
2006-ford-fusion,17345
2006-dodge-magnum,22420
2002-mercury-mountaineer,28730
2013-audi-s6,76000
2001-chevrolet-camaro,17075
2013-chevrolet-spark,12995
2012-buick-regal,26670
2016-acura-tlx,31695
2011-nissan-leaf,32780
2016-acura-mdx,44865
2020-kia-optima,24000
2010-chrysler-300,27260
2007-mazda-mx-5,20435
2013-audi-a6,42200
2002-audi-a6,35400
2013-mazda-2,14720
2012-bmw-1,30950
2001-toyota-sequoia,30815
2009-nissan-cube,13990
2000-dodge-dakota,13555
2003-chrysler-town,23870
2020-hyundai-palisade,32500
2018-gmc-acadia,29000
2009-mercedes-benz-sl-class,95900
2007-toyota-rav,20850
2019-chrysler-pacifica,1495
2019-kia-sportage,30000
2015-lincoln-navigator,65055
2011-mitsubishi-outlander,21995
2007-dodge-durango,26280
2006-mitsubishi-outlander,17799
2011-audi-r8,114200
2003-ford-super,21120
2006-ford-freestar,23655
2001-lincoln-navigator,43645
2001-ford-taurus,18260
2001-hyundai-accent,8999
2009-infiniti-g37,33250
2018-volkswagen-beetle,20220
2008-subaru-wrx,24350
2006-nissan-quest,24000
2018-honda-hr-v,19570
2014-honda-cr-z,19995
2000-chevrolet-blazer,19495
2011-nissan-titan,26820
2004-volvo-s60,26960
2003-mercedes-benz-c-class,24950
2012-infiniti-m,47700
2019-kia-niro,4200
2009-volkswagen-routan,24700
2010-mercedes-benz-cl-class,110400
2006-mercedes-benz-c-class,29200
2003-nissan-pathfinder,26799
2014-ford-fiesta,14000
2013-chevrolet-volt,39145
2009-mazda-5,17995
2005-mitsubishi-galant,18999
2019-chevrolet-traverse,29930
2006-ford-expedition,36055
2009-nissan-versa,12990
2010-lincoln-mkz,34115
2018-bmw-x1,33900
2019-subaru-crosstrek,21895
2008-cadillac-cts,32245
2016-audi-a4,35900
2005-volvo-v70,28760
2002-mazda-protege5,16335
2008-kia-rondo,17895
2001-chevrolet-corvette,40280
2004-dodge-durango,25920
2008-mercury-mariner,20920
2008-mercury-milan,18725
2002-gmc-sonoma,13756
2011-subaru-legacy,19995
2013-mercedes-benz-sl-class,100000
2001-mazda-626,18735
2007-lincoln-town,42175
2006-toyota-4runner,27635
2000-volvo-s80,35820
2001-mitsubishi-galant,17557
2000-buick-lesabre,22890
2008-volvo-s60,30855
2017-ford-taurus,27345
2006-volvo-s60,30270
2000-ford-expedition,29750
2001-bmw-5,35400
2002-buick-park,33590
2017-kia-rio,14165
2004-cadillac-srx,37995
2011-honda-fit,15100
2005-dodge-caravan,18330
2002-mercury-sable,19745
2018-toyota-sienna,29750
2006-honda-element,17750
2011-ford-fiesta,13320
2007-nissan-quest,24350
2005-volkswagen-jetta,17900
2001-chevrolet-impala,19149
2002-kia-rio,9095
2010-audi-a4,31450
2013-bmw-x1,30800
2001-ford-expedition,29845
2011-volkswagen-routan,26930
2009-dodge-durango,27630
2007-buick-lacrosse,22230
2009-pontiac-g8,28190
2002-saturn-l-series,16370
2003-mazda-tribute,18295
2002-honda-cr-v,18800
2019-mitsubishi-eclipse,1095
2008-jeep-compass,16475
2008-chevrolet-aveo,10235
2010-chevrolet-aveo,11965
2015-toyota-tac,20965
2010-volkswagen-cc,27550
2007-audi-a3,24620
2020-hyundai-santa,25000
2001-honda-odyssey,23900
2002-cadillac-escalade,47290
2018-cadillac-cts,46295
2002-volkswagen-eurovan,26200
2014-audi-a6,43100
2005-chrysler-town,20330
2011-lexus-ls,65380
2007-mazda-cx-7,23750
2012-bmw-7-series,71000
2003-volvo-s60,26370
2003-dodge-stratus,20725
2004-gmc-canyon,15895
2005-acura-tl,32900
2003-nissan-frontier,12989
2008-hyundai-entourage,23995
2002-chrysler-town,24880
2016-mercedes-benz-s-class,95650
2000-buick-park,31800
2009-nissan-armada,36130
2009-mitsubishi-galant,21249
2013-volkswagen-cc,30610
2009-ford-super,24595
2019-chevrolet-corvette,1095
2014-lexus-es,36620
2007-kia-spectra,13495
2009-nissan-xterra,22310
2010-lexus-ls,65380
2000-buick-century,19602
2005-nissan-armada,33600
2008-nissan-versa,12880
2019-volkswagen-passat,25295
2018-kia-sedona,27000
2006-pontiac-torrent,22400
2009-audi-a4.,31000
2004-acura-tl,32650
2005-mazda-6,18995
2002-toyota-celica,17085
2016-mercedes-benz-e-class,52650
2001-lexus-gs,38555
2014-chevrolet-cruz,17270
2005-hyundai-tiburon,15999
2010-toyota-avalon,27945
2014-cadillac-cts,45100
2020-chevrolet-equinox,24995
2002-ford-mustang,17305
2018-subaru-legacy,22195
2005-hyundai-elantra,13299
2003-infiniti-q45,52000
2004-cadillac-xlr,75385
2019-jaguar-f-pace,1500
2017-mercedes-benz-glc,39150
2019-nissan-murano,32300
2003-toyota-avalon,25845
2004-dodge-neon,13125
2008-kia-amanti,25495
2008-lexus-ls,104000
2006-mitsubishi-eclipse,19399
2014-toyota-avalon,31340
2011-dodge-journey,22245
2001-audi-s4,38900
2004-chevrolet-cavalier,14045
2011-mercedes-benz-glk-class,35500
2015-toyota-4runner,33210
2016-kia-sedona,27295
2003-chrysler-sebring,18095
2010-acura-rdx,32250
2009-ford-expedition,34845
2019-honda-hr,20520
2011-lexus-rx,37975
2013-lexus-gx,53445
2000-mitsubishi-galant,17357
2003-subaru-forester,21070
2004-chevrolet-malibu,18370
2018-cadillac-escalade,74695
2006-hyundai-santa,21695
2003-ford-taurus,19180
2009-saturn-outlook,30625
2012-toyota-yaris,14115
2005-chevrolet-trail,27720
2011-ford-f,22415
2018-kia-niro,23340
2000-chevrolet-malibu,16445
2002-nissan-altima,16349
2009-dodge-nitro,22240
2007-cadillac-srx,37855
2012-toyota-highlander,28090
2003-chevrolet-impala,20235
2002-chevrolet-corvette,41210
2009-audi-a6,45100
2015-acura-mdx,42290
2004-ford-focus,13185
2001-jaguar-s-type,43655
2003-bmw-3-series,27800
2014-bmw-320i,32550
2018-buick-lacrosse,30490
2013-subaru-xv,21995
2005-audi-a6,40000
2005-saturn-vue,17055
2000-nissan-xterra,17349
2006-subaru-b9,30695
2002-chevrolet-camaro,18285
2002-lexus-ls,54405
2006-chevrolet-uplander,29385
2011-bmw-m3,55400
2007-nissan-titan,23700
2002-chrysler-sebring,17705
2019-mazda-mx-5,26500
2008-mercedes-benz-e-class,52200
2017-toyota-yaris,15250
2011-mazda-6,19990
2007-mitsubishi-eclipse,28289
2011-mercedes-benz-glk,35500
2000-nissan-sentra,11649
2019-audi-q8,68395
2007-gmc-acadia,29225
2007-chrysler-pacifica,24460
2016-fiat-500,16995
2018-bmw-x5,56950
2006-buick-terraza,27250
2010-jaguar-xf,51150
2010-mercedes-benz-e,48050
2009-volvo-v70,32900
2007-lincoln-mkx,34120
2003-dodge-neon,12585
2008-mazda-3,13895
2009-acura-rdx,33895
2006-volvo-v70,29445
2001-dodge-stratus,17810
2001-audi-a8,62200
2016-toyota-sienna,28850
2002-subaru-legacy,19295
2015-bmw-x4,45625
2004-lexus-es,31725
2011-volkswagen-cc,28200
2001-hyundai-elantra,12499
2002-saturn-vue,16325
2012-bmw-7,71000
2000-toyota-sienna,21968
2017-mercedes-benz-cls,67550
2009-nissan-gt-r,69850
2007-lincoln-navigator,45755
2008-saturn-astra,15375
2016-mercedes-benz-gl-class,64550
2005-mercury-montego,24345
2016-mitsubishi-lancer,17595
2001-infiniti-i,29465
2017-honda-fit,15990
2013-infiniti-jx,40450
2010-mercedes-benz-m-class,45700
2005-mitsubishi-endeavor,25399
2000-toyota-avalon,25195
2004-hyundai-tiburon,16999
2006-mercedes-benz-e-class,50050
2008-volkswagen-gti,22730
2006-mazda-5,17435
2003-nissan-altima,16649
2003-lincoln-ls,33860
2008-lincoln-mkx,35605
2002-chevrolet-s-10,13852
2016-buick-regal,27065
2009-chevrolet-equinox,23555
2010-cadillac-dts,46280
2007-pontiac-torrent,22455
2019-chevrolet-spark,13220
2004-kia-optima,15500
2016-mercedes-benz-glc-class,39875
2011-toyota-sequoia,40030
2014-volvo-xc60,34850
2001-cadillac-seville,41935
2010-volvo-s80,39200
2015-chevrolet-trax,20995
2004-mazda-6,18750
2010-nissan-cube,13990
2003-nissan-murano,28199
2008-volvo-xc,36775
2005-pontiac-vibe,16915
2016-lexus-gs,45615
2010-acura-tl,35105
2008-gmc-canyon,14885
2001-pontiac-sunfire,14430
2003-jeep-grand,25665
2017-lincoln-navigator,63515
2011-ford-e,27220
2006-mazda-tribute,20115
2010-mazda-tribute,20090
2008-subaru-tribeca,29995
2007-hyundai-accent,10415
2009-acura-tsx,28960
2001-lexus-es,31505
2006-hyundai-tiburon,16095
2008-mercedes-benz-e,52200
2000-subaru-impreza,15895
2003-jaguar-s-type,42495
2000-volkswagen-beetle,15900
2013-bmw-5-series,47500
2008-volvo-s40,24365
2010-subaru-tribeca,30495
2009-nissan-frontier,17460
2003-kia-sedona,19620
2012-audi-a5,37100
2005-jaguar-x-type,30830
2007-audi-a8,68900
2020-jeep-compass,1500
2002-dodge-neon,12240
2020-jeep-wrangler,30000
2005-mercury-mariner,21405
2013-jaguar-xf,46975
2017-nissan-leaf,30680
2016-lincoln-navigator,63195
2015-infiniti-qx80,63250
2001-gmc-sonoma,12763
2005-toyota-matrix,14760
2018-audi-a4,36000
2019-toyota-sequoia,50000
2020-honda-insight,24000
2020-honda-civic,20680
2007-mazda-cx-9,29035
2008-hyundai-sonata,17670
2014-mazda-3,16945
2009-audi-q5,37200
2000-nissan-altima,15140
2012-volvo-xc70,32950
2002-volkswagen-golf,15050
2011-mini-countryman,21650
2019-infiniti-q50,2000
2016-mitsubishi-outlander,22995
2016-mercedes-benz-cla-class,32050
2011-mercedes-benz-gl-class,60950
2005-kia-spectra,12700
2001-jeep-cherokee,21915
2010-volvo-xc90,37700
2002-pontiac-grand,16800
2020-ford-f-150,30090
2007-mercury-milan,19490
2014-bmw-328d,40000
2008-kia-rio,10890
2007-lexus-is,30255
2016-acura-rdx,35270
2019-chrysler-300,2995
2007-subaru-tribeca,29995
2006-lexus-is,29990
2019-honda-hr-v,20520
2002-honda-odyssey,24250
2000-volkswagen-passat,21200
2001-honda-cr-v,18750
2010-volkswagen-routan,25900
2006-hyundai-azera,24335
2004-lincoln-aviator,39940
2004-mini-cooper,16449
2010-mitsubishi-outlander,20840
2003-ford-e,18800
2018-lincoln-mkx,2250
2014-toyota-land,78755
2001-toyota-mr2,23595
2016-infiniti-qx60,43595
2003-bmw-3,27800
2017-chevrolet-bolt,70000
2020-bmw-x5,59895
2005-volkswagen-touareg,37140
2001-toyota-4runner,26335
2005-ford-freestyle,24945
2004-lexus-gs,38725
2016-bmw-i3,43400
2018-toyota-rav,24410
2014-bmw-3-series,32550
2014-honda-crosstour,27380
2004-audi-a4,25250
2018-mazda-cx-9,32130
2020-toyota-4runner,36000
2011-audi-a8,78050
2010-infiniti-g,33250
2010-volvo-xc,37200
2010-chevrolet-corvette,48930
2004-audi-a8,68500
2019-acura-rdx,2000
2002-honda-s2000,32400
2002-hyundai-sonata,15499
2004-jaguar-x-type,29330
2018-honda-clarity,33400
2007-lincoln-mkz,29235
2001-lexus-ls,54005
2020-buick-enclave,1195
2020-hyundai-veloster,20000
2017-tesla-model,68000
2001-infiniti-qx4,34150
2008-pontiac-solstice,22455
2009-mercedes-benz-c,32900
2012-volvo-s80,37950
2006-lexus-ls,56525
2004-volvo-s80,37045
2012-mercedes-benz-m-class,49865
2004-mercury-monterey,29310
2004-ford-f,21215
2016-volkswagen-e-golf,28995
2013-infiniti-qx,60750
2000-ford-f,15285
2018-kia-stinger,31900
2000-saturn-l,15450
2003-saturn-vue,16325
2017-honda-hr-v,19465
2013-toyota-fj,27030
2002-audi-allroad,39900
2005-cadillac-xlr,75385
2016-lexus-gx,50140
2001-toyota-rav,16215
2012-nissan-quest,27750
2005-honda-s2000,32950
2002-pontiac-firebird,19515
2001-ford-explorer,21665
2010-bmw-5-series,45800
2009-toyota-tundra,22490
2000-honda-cr-v,18650
2008-volkswagen-eos,28915
2001-cadillac-deville,40495
2006-land-rover,38950
2003-nissan-sentra,11799
2000-chrysler-300m,29085
2002-nissan-sentra,11799
2000-bmw-5,38900
2013-acura-rdx,34320
2002-dodge-stratus,17920
2019-honda-cr-v,30000
2013-honda-crosstour,27230
2016-nissan-quest,44000
2003-lincoln-navigator,48775
2012-mercedes-benz-slk-class,54800
2007-mercedes-benz-s-class,85400
2017-infiniti-qx80,63850
2006-volvo-xc90,35640
2003-cadillac-deville,42950
2004-lincoln-ls,32120
2002-audi-a4,24900
2001-ford-focus,12125
2018-bmw-2,33150
2010-acura-rl,46830
2008-mercedes-benz-gl-class,53000
2012-lexus-ls,67630
2005-volvo-s40,24190
2016-ford-explore,30700
2004-dodge-stratus,19210
2007-bmw-3-series,43200
2001-audi-allroad,41900
2008-infiniti-ex,31300
2001-mercedes-benz-e-class,47850
2012-subaru-wrx,25595
2006-chrysler-pacifica,25165
2000-audi-a6,33950
2002-ford-windstar,22340
2016-volvo-s60,36600
2002-chevrolet-venture,21450
2020-ford-edge,1245
2001-ford-f,17045
2005-mazda-rx-8,25375
2011-lexus-gx,52345
2016-audi-q3,33700
2000-ford-windstar,21315
2001-toyota-prius,19995
2008-chrysler-pacifica,24635
2006-mercury-montego,24430
2009-volvo-s40,28550
2010-chrysler-town&,25175
2017-acura-tlx,31900
2005-jaguar-s-type,44230
2020-honda-pilot,32000
2001-saturn-s-series,10570
2004-subaru-impreza,19395
2002-chrysler-prowler,44625
2015-lexus-ct,32050
2014-bmw-m6,110000
2001-mazda-tribute,17005
2008-dodge-durango,26455
2008-saturn-sky,25855
2010-bmw-7,82000
2011-jaguar-xj,71650
2013-jaguar-xj,73200
2007-volvo-xc,36135
2011-lexus-ct200h,36000
2004-bmw-5,39995
2018-audi-a3,32150
2003-pontiac-montana,24165
2019-nissan-armada,48000
2002-acura-mdx,34700
2011-mercedes-benz-gl,60950
2016-mercedes-benz-s,95650
2001-audi-a6,34400
2015-bmw-x6,59600
2003-chevrolet-venture,21520
2007-audi-a6,41230
2004-buick-rainier,35945
2014-bmw-328,40000
2014-chevrolet-ss,44470
2016-infiniti-q70,49850
2017-bmw-2,9000
2019-subaru-brz,25795
2018-toyota-prius,23475
2002-toyota-land,52595
2002-bmw-5,36595
2014-kia-cadenza,35100
2001-volkswagen-golf,14900
2013-bmw-7-series,73300
2005-ford-f,19610
2003-lexus-es,31625
2010-lincoln-navigator,54400
2011-mitsubishi-lancer,14995
2009-lexus-ls,63825
2011-volvo-xc70,32150
2001-acura-cl,27980
2007-mercedes-benz-m-class,42680
2010-lincoln-mks,40870
2012-mitsubishi-lancer,15695
2018-dodge-gr.,25995
2002-cadillac-eldorado,41865
2013-toyota-avalon,30990
2000-audi-a4,23990
2010-hyundai-accent,11995
2000-lincoln-continental,38800
2003-audi-a6,35700
2004-nissan-quest,24590
2019-mazda-mazda3,22000
2018-jaguar-f-pace,42065
2001-nissan-maxima,21249
2005-kia-sportage,15900
2017-chevrolet-suburban,49915
2018-audi-q7,49900
2019-kia-stinger,34000
2020-kia-sorento,27735
2007-volkswagen-gti,22100
2003-mercedes-benz-e-class,46950
2006-infiniti-qx56,49950
2014-audi-allroad,40700
2001-volkswagen-passat,21750
2009-bmw-3-series,33600
2011-mercedes-benz-c,113150
2004-pontiac-gto,31795
2020-mini-countryman,29750
2019-bmw-x5,61695
2003-buick-rendezvous,25445
2015-mercedes-benz-gla,35000
2010-lexus-gs,45600
2005-bmw-z4,34300
2008-mazda-cx-7,23750
2008-hyundai-tucson,17235
2010-kia-rio,11695
2007-infiniti-m,41450
2019-lexus-nx,36000
2006-mercury-mariner,21380
2013-ford-e,25895
2019-bmw-x3,1700
2009-audi-tt,35200
2014-acura-rlx,48450
2000-acura-tl,28400
2016-audi-a7,68300
2006-lincoln-mark,38680
2017-cadillac-xts,45295
2003-chevrolet-cavalier,14030
2002-volvo-c70,44125
2001-mercedes-benz-slk,38900
2020-toyota-rav4,27000
2009-lincoln-mkx,37845
2003-chevrolet-monte,20465
2019-cadillac-xts,46895
2015-bmw-m4,64200
2008-chevrolet-corvette,45170
2014-bmw-5-series,49500
2004-volkswagen-touareg,34900
2017-mercedes-benz-c,39500
2009-pontiac-g5,16275
2000-volkswagen-golf,14900
2010-ford-shelby,40000
2012-infiniti-qx,59200
2011-infiniti-qx,57200
2002-jaguar-xj,56330
2016-cadillac-cts-v,83995
2005-mercedes-benz-e-class,49220
2014-volvo-s60,32400
2016-toyota-sequoia,43325
2000-pontiac-grand,16040
2006-jaguar-xj,61830
2008-infiniti-ex35,31300
2003-lincoln-town,40270
2006-bmw-6-series,71800
2015-infiniti-qx70,45850
2017-toyota-86,26000
2009-volvo-xc70,37250
2003-mercury-marauder,33790
2001-audi-a4,24540
2009-bmw-z4,45750
2017-lincoln-mkx,2495
2013-bmw-m5,92000
2002-volkswagen-jetta,16850
2017-bmw-x6,61400
2001-volkswagen-eurovan,26200
2009-audi-tts,54000
2018-chevrolet-volt,33220
2009-mercedes-benz-s-class,89350
2019-volvo-xc60,42000
2012-mercedes-benz-e,50490
2002-infiniti-q45,50500
2012-mazda-2,14370
2002-chevrolet-tracker,15985
2007-chevrolet-monte,21015
2005-jaguar-s,44230
2017-nissan-juke,20250
2016-bmw-m6,118000
2011-mercedes-benz-cl-class,113150
2016-audi-tt,42900
2002-toyota-echo,9995
2014-volkswagen-cc,31795
2009-chrysler-aspen,34230
2018-lincoln-mkc,33355
2006-volkswagen-gti,21990
2001-chrysler-town,24430
2013-infiniti-qx56,60750
2011-honda-cr-z,19200
2019-mercedes-benz-gls,70150
2019-mercedes-benz-s,12000
2001-dodge-neon,12715
2006-jaguar-x,61830
2015-mercedes-benz-gla-class,35000
2013-mercedes-benz-cls,72000
2012-bmw-5-series,46700
2007-mercedes-benz-cl,99900
2019-audi-a4,38400
2016-bmw-x,34800
2002-volkswagen-beetle,15900
2004-mercedes-benz-s-class,74320
2001-subaru-outback,22895
2011-lincoln-mkt,44200
2003-mercury-mountaineer,29235
2007-hyundai-tiburon,16595
2007-kia-sedona,20495
2000-chevrolet-venture,22350
2002-mercedes-benz-clk,42550
2019-lincoln-nautilus,40340
2001-subaru-legacy,19295
2004-mercedes-benz-sl,88500
2003-hyundai-sonata,15499
2014-infiniti-q60,40950
2010-audi-q7,46900
2015-mercedes-benz-c,38400
2000-audi-s4,37900
2016-honda-cr,1300
2009-ford-f,21095
2017-chevrolet-corvette,55450
2017-subaru-brz,25395
2012-jaguar-xj,73700
2006-mercedes-benz-cls,64900
2008-mercedes-benz-cl-class,103100
2000-dodge-intrepid,20390
2009-hyundai-genesis,32250
2008-mini-clubman,19950
2003-pontiac-sunfire,14910
2010-chevrolet-h,18720
2007-jaguar-x-type,34330
2011-honda-cr,19200
2005-saturn-relay,28825
2019-audi-e-tron,74800
2017-audi-allroad,44000
2010-audi-a3,27270
2000-toyota-rav4,16668
2018-lincoln-mkz,35445
2013-ford-f-,30885
2002-volkswagen-passat,21750
2001-ford-escape,17645
2019-bmw-5,1700
2011-audi-q7,45700
2008-infiniti-m,43050
2007-cadillac-sts,42390
2008-hyundai-azera,24600
2017-kia-sedona,26800
2011-toyota-4,30305
2002-bmw-z3,31300
2001-toyota-4,26335
2002-lincoln-continental,38010
2002-lincoln-ls,33045
2000-pontiac-bonneville,24295
2009-honda-civi,15305
2016-jaguar-f-type,65000
2009-bmw-5-series,45800
2017-bmw-m2,51700
2009-mitsubishi-outlander,20580
2009-volvo-s80,39600
2001-lincoln-town,41315
2016-subaru-brz,25395
2020-acura-rdx,37600
2020-honda-accord,24800
2002-hyundai-elantra,12499
2016-mercedes-benz-gle,51100
2003-acura-rsx,19975
2002-kia-optima,14899
2001-hyundai-tiburon,14499
2006-saturn-relay,22850
2002-infiniti-i35,28750
2007-volvo-s,23755
2005-lexus-lx,64775
2017-mini-countryman,26600
2004-nissan-altim,16850
2006-mercedes-benz-r-class,48000
2006-bmw-7+series,71800
2018-dodge-grand+caravan,25995
2016-jeep-grand+cherokee,29995
2015-jeep-grand+cherokee,29995
2015-dodge-grand+caravan,21395
2010-lexus-hs+250h,33000
2013-hyundai-santa+fe,24450
2006-acura-rl,49300
2019-toyota-rav,26500
2006-volvo-xc,35640
2003-volvo-v70,27870
2014-ford-e,22700
2019-audi-q3,35695
2005-hyundai-sonata,15999
2000-dodge-grand,18685
2003-hyundai-accent,10649
2014-nissan-juke,18990
2008-jeep-grand+cherokee,28520
2020-toyota-camry,25250
2012-honda-cr-z,19695
2010-nissan-gt-r,80790
2003-mazda-6,18530
2002-toyota-mr2,23735
2000-mercury-villager,22415
2017-toyota-avalon,33300
2018-honda-ridgeline,29630
2017-bmw-7,81300
2002-kia-sedona,18995
2002-mercedes-benz-clk-class,42550
2005-acura-rl,48900
2002-volvo-v70,36500
2015-audi-q3,32000
2016-mercedes-benz-gla-class,32500
2002-lexus-gs,38605
2018-lexus-is,38210
2008-mazda-tribute,18900
2012-mini-coupe,21300
2015-mercedes-benz-gl,35000
2020-hyundai-kona,20000
2014-bmw-7,74000
2013-bmw-7,73300
2016-lexus-lx,88880
2013-nissan-leaf,28800
2018-hyundai-ioniq,22200
2019-cadillac-xt5,41695
2013-audi-a7,60100
2011-chevrolet-cruz,16275
2005-buick-terraza,28825
2010-subaru-wrx,24995
2019-audi-a3,33000
2014-mercedes-benz-e,51900
2008-volvo-s80,42045
2007-ford-f,18790
2000-mitsubishi-montero,22527
2003-infiniti-m45,42300
2006-mercury-milan,18995
2006-toyota-rav,20200
2011-ford-f-150*,22415
2005-jaguar-xj,60830
2007-mercedes-benz-*,99900
2017-mercedes-benz-cla-class,32050
2006-lexus-lx,67295
2010-ford-f,21380
2007-bmw-5,43500
2001-lexus-is,30500
2012-audi-a8,78750
2017-jaguar-f-pace,40990
2014-bmw-7-series,74000
2012-ford-e,27550
2009-subaru-tribeca,29995
2000-mercedes-benz-e,69800
2000-chrysler-lhs,28090
2018-mercedes-benz-c-class,40250
2010-jaguar-xk,82150
2009-infiniti-g,33250
2011-mercedes-benz-r-class,50240
2002-chrysler-concorde,22370
2012-audi-r8,114200
2009-volvo-xc,37250
2010-mazda-mx-5,22810
2014-mercedes-benz-glk-class,37480
2008-hyundai-santa+fe,21150
2004-audi-a8*,68500
2015-ram-pro,23130
2002-ford-f,18240
2010-audi-q7*,46900
2008-toyota-rav,21250
2014-toyota-venza,27950
2011-infiniti-fx,41600
2004-mercedes-benz-s,74320
2002-mercedes-benz-s-class,71850
2014-ford-f,14000
2002-acura-cl,28030
2017-mazda-cx-9,31520
2005-hyundai-accent,9999
2010-dodge-grand+caravan,23175
2011-volkswagen-gti,23690
2017-bmw-5,51200
2020-buick-envision,1195
2006-mitsubishi-endeavor,26599
2000-pontiac-firebird,18590
2010-volvo-s40,26200
2001-hyundai-santa,16499
2002-hyundai-santa,17199
2004-jeep-gr,27260
2008-kia-sedona,21065
2000-lexus-gs,37605
2003-acura-cl,28200
2006-mercedes-benz-s,42900
2003-saturn-l-series,17620
2009-acura-rl,46000
2020-cadillac-escalade,3000
2010-infiniti-fx,42400
2005-ford-&,19265
2016-cadillac-ats-v,60465
2000-lincoln-navigator,42460
2020-kia-soul,18500
2002-mercedes-benz-cl-class,90750
2004-jaguar-xj,59330
2004-lexus-is,29435
2016-bmw-m5,95000
2001-buick-park,32980
2020-cadillac-xt5,2000
2001-volkswagen-new,15900
2008-mercury-sable,23540
2010-volvo-c70,40000
2011-chevrolet-volt,40280
2001-chevrolet-s,12749
2014-buick-regal,29690
2004-mercedes-benz-c-class,26020
2010-volvo-v70,33550
2010-bmw-6-series,78450
2005-lexus-gs,38875
2004-bmw-3,27800
2019-buick-envision,1545
2018-mercedes-benz-s-class,89900
2011-volvo-s60,37700
2020-mitsubishi-eclipse,1195
2004-ford-crown,23620
2020-mitsubishi-outlander,1500
2017-lexus-es,38900
2000-mazda-b-series,11495
2006-ford-e,20070
2002-volvo-s80,38150
2016-volvo-v60,35950
2005-toyota-4,27495
2001-honda-prelude,23600
2008-volvo-v70,32465
2018-buick-cascada,33065
2011-jaguar-xk,83000
2011-bmw-1,29150
2010-volvo-c30,24100
2014-bmw-,32100
2014-mercedes-benz-cla-class,29900
2016-bmw-6-series,77300
2016-bmw-x4,46245
2006-gmc--,15330
2000-toyota-echo,9995
2002-dodge-intrepid,20370
2001-pontiac-aztek,21445
2012-hyundai-equus,59000
2002-buick-regal,23230
2012-bmw-650i,83000
2003-mitsubishi-lancer,14017
2012-nissan-leaf,35200
2014-hyundai-azera,31000
2009-mercedes-benz-clk,48100
2004-mazda-rx-8,25180
2018-mercedes-benz-glc,40050
2002-chrysler-voyager,16995
2005-nissan-quest,23350
2000-volkswagen-jetta,16700
2002-mitsubishi-lancer,13897
2006-chevrolet-trail,26700
2019-volkswagen-golf,21845
2020-chevrolet-blazer,29995
2010-toyota-4,27500
2004-lexus-sc,62575
2001-mazda-miata,21180
2001-jeep-/,21915
2011-volvo-c30,24600
2007-volvo-c70,39090
2001-mercedes-benz-m,35800
2003-chrysler-300m,28490
2007-mercedes-benz-clk,46200
2011-bmw-m,55400
2016-lexus-ct,31250
2020-toyota-supra,50920
2012-mercedes-benz-c,34800
2000-jaguar-xk,76800
2011-mercedes-benz-sl,185750
2002-lincoln-blackwood,51785
2000-chevrolet-monte,19290
2000-saturn-sl2,10685
2005-acura-rsx,20175
2015-acura-ilx,27050
2013-bmw-640i,76000
2019-mercedes-benz-c,41400
2018-toyota-sequoia,48300
2002-lexus-is,30805
2014-bmw-6-series,74900
2020-ford-ecosport,1245
2017-infiniti-q60,38950
2007-kia-amanti,25495
2006-infiniti-g,31300
2009-jeep-commander,29380
2007-mercedes-benz-sl-class,94800
2013-bmw-m6,113100
2006-mercedes-benz-clk-class,45750
2000-buick-regal,22340
2002-infiniti-qx4,34150
2017-volvo-s90,46950
2016-toyota-yaris,14895
2018-bmw-x4,1200
2015-infiniti-q70,49850
2003-dodge-int,21155
2013-bmw-640,76000
2019-toyota-avalon,36395
2001-cadillac-catera,31305
2001-toyota-echo,10525
2014-jaguar-xj,73200
2002-pontiac-sunfire,14465
2007-jeep-gr,27665
2005-lexus-is,29435
2001-nissan-sentra,11649
2020-toyota-tundra,37000
2005-mercedes-benz-clk,45250
2019-lexus-es,40525
2019-toyota-prius,1000
2002-audi-tt,31200
2008-mazda-cx-9,29400
2002-acura-3.2,28880
2000-kia-sephia,9995
2001-pontiac-montana,24180
2019-acura-ilx,25900
2006-jeep-grand+cherokee,27165
2013-bmw-3+series,32550
2009-toyota-rav,21500
2004-volvo-v70,28460
2013-bmw-6,76895
2005-bmw-5-series,41300
2007-bmw-7-series,75000
2020-ford-mustang,1595
2005-chrysler-30,22970
2010-toyota-rav,21500
2000-toyota-mr2,23098
2002-bmw-745i,67850
2003-lexus-ls-430,54925
2002-hyundai-accent,8999
2017-audi-a5,41200
2007-bmw-5-series,43500
2017-bmw-6,77600
2020-mitsubishi-mirage,15000
2014-mitsubishi--,22995
2010-bmw-m3,54850
2003-lexus-is,29435
2015-mercedes-benz-g,35000
2008-jaguar-xk,74835
2004-kia-sorento,18995
2018-mazda-3,17845
2004-pontiac-gran,21760
2000-mazda-626,18445
2004-land-rover,71585
2016-mercedes-benz-glc,39875
2003-ford-thunderbird,35390
2008-bmw-5-series,44300
2000-bmw-5-series,38900
2016-infiniti-qx,34450
2003-ford-f,18715
2015-land-rover,45000
2001-mercedes-benz-c-class,29950
2004-ford-e,18710
2006-mercedes-benz-e,50050
2016-kia-cadenza,32990
2013-volkswagen-jett,16720
2010-mitsubishi-galant,21599
2004-mitsubishi-galant,17997
2019-infiniti-qx80,90000
2018-mini-cooper,20950
2000-chrysler-cirrus,17280
2003-mercury-sable,20120
2015-mazda-cx,29985
2016-nissan-gt-r,101770
2019-lexus-rx,44000
2011-volvo-xc,32900
2014-toyota-4,32820
2015-bmw-2-series,32100
2015-chevrolet-colo,20120
2003-toyota-rav,16525
2002-mazda-millenia,28075
2005-ford-freestar,23910
2014-nissan-gt-r,96820
2016-bmw-4-series,41850
2018-mercedes-benz-gla,33400
2008-audi-a3,25930
2001-hyundai-sonata,14999
2001-chevrolet-cavalier,13160
2005-bmw-6-series,69900
2007-bmw-6-series,73900
2003-lincoln-aviator,39255
2010-volkswagen-tigua,23200
2005-mazda-rx,25375
2017-volkswagen-cc,34475
2018-fiat-500l,20995
2019-mazda-cx-9,1800
2004-hyundai-xg,23999
2016-chevrolet-cruz,17495
2008-dodge-magnum,23420
2005-mitsubishi-outlander,17799
2001-mazda-millenia,28025
2002-pontiac-montana/,24425
2005-lexus-sc,63175
2006-ford-f-,18790
2020-hyundai-venue,18470
2019-cadillac-xt4,35000
2005-volvo-xc,34840
2018-jaguar-e-pace,40000
2001-mercury-cougar,16700
2013-mercedes-benz-e,51000
2016-mercedes-benz-e,52650
2003-dodge-intrepid,21155
2016-chevrolet-ss,46575
2000-chrysler-sebring,24245
2019-nissan-leaf,31000
2004-hyundai-accent,10899
2005-gmc-canyon,16025
2005-nissan-sentra/s/s,20375
2013-ram-heavy,29905
2009-lexus-gs,44850
2008-bmw-x6,52500
2018-honda-cr,24150
2006-mercury-monterey,28930
2000-mercedes-benz-c-class,31750
2008-mercedes-benz-gl,53000
2015-jaguar-xf,51175
2001-mercury-sable,19185
2002-jaguar-x,29950
2018-volvo-xc,41500
2014-audi-rs,110000
2008-chrysler-sebring.,18690
2007-mazda-rx,26435
2002-mitsubishi-galant,17707
2008-infiniti-g,31600
2005-land-rover,44330
2014-mazda-5,20140
2000-toyota-camr,17518
2014-nissan--,29900
2004-chevrolet-trail,27145
2008-bmw-5-,44300
2019-acura-tlx,33000
2001-volvo-c70,43500
2000-nissan-quest,22259
2008-mazda-5,17995
2012-bmw-640i,73600
2018-acura-rlx,55865
2016-mercedes-benz-sl,85050
2001-hyundai-xg300,23499
2018-mercedes-benz-e,10000
2018-mercedes-benz-sl-class,88200
2001-mazda-mpv,20675
2013-dodge-dar,15995
2005-subaru--,20995
2000-toyota-solara,18938
2020-honda-passport,2000
2020-hyundai-ioniq,23930
2008-mazda-rx-8,26435
2008-mazda-mx-,20585
2001-mercury-villager,22510
2011-infiniti-ex35,34150
2019-toyota-land,86500
2017-kia-soul+,16100
2005-hyundai-xg350,23999
2007-jaguar-xj,63585
2002-mercedes-benz-slk,39400
2019-bmw-3,41245
2016-chevrolet-volt,33170
2012-acura-zdx,46020
2010-toyota-corolla/s/,20375
2018-chevrolet-corvette,55495
2002-chevrolet-trail,25755
2018-toyota-avalon,33500
2016-audi-allroad,40000
2002-mercedes-benz-e-class,48450
2004-toyota-camry.,19045
2016-acura-rlx,50950
2012-nissan-gt-r,89950
2010-cadillac-sts,46845
2011-infiniti-m,46250
2007-mercedes-benz-gl-class,54900
2013-mini-paceman,23200
2002-pontiac-montana,24425
2013-mazda-5,19940
2020-volvo-xc90,49345
2020-volvo-xc60,41790
2012-bmw-650,83000
2013-toyota-matrix,19275
2000-acura-integra,19300
2015-kia-k900,59500
2019-volvo-s90,50000
2009-mercedes-benz-cl-class,107900
2017-toyota-land,84775
2002-mazda-miata,21280
2008-audi-a8,70690
2000-pontiac-sunfire,14105
2008-jaguar-xj,63835
2019-cadillac-ct6,50495
2006-hyundai-accent,12455
2005-audi-a8,66950
2015-jaguar-f,65000
2019-honda-cr,30000
2017-honda-cr,24045
2013-nissan-gt-r,96820
2004-bmw-7,68500
2008-mercedes-benz-s,86700
2000-hyundai-accent,8999
2001-chevrolet-tracker,15235
2011-subaru-tribeca,30495
2000-ford-contour,16940
2016-jaguar-xf,51900
2020-honda-ridgeline,34995
2016-mercedes-benz-cls-class,66900
2019-mercedes-benz-a-class,2250
2000-ford-escort,11855
2007-mazda-5,17635
2010-mazda-rx-8,26645
2002-toyota-rav,16365
2018-volvo-v60,1950
2007-mercedes-benz-cls,66900
2018-lexus-es,38900
2007-ford-e,25320
2017-nissan-gt-r,111585
2001-saturn-l-series,14495
2013-chevrolet-cruz,17130
2001-infiniti-i30,29465
2000-hyundai-elantra,11799
2014-mercedes-benz-s,92900
2002-mitsubishi-diamante,25687
2018-acura-ilx,28100
2018-nissan-gt-r,99990
2014-bmw-6,74900
2002-ferrari-360,144620
2016-audi-a8,81500
2000-mercury-cougar,16540
2001-bmw-3,26990
2009-jeep-compass,18465
2001-ford-windstar,21990
2001-volvo-s40,23500
2008-mercedes-benz-clk,46450
2018-bmw-6,69700
2018-infiniti-qx60,43300
2018-mercedes-benz-gls,69550
2015-jaguar-xj,74200
2001-honda-passport,23000
2018-volvo-s90,48100
2017-acura-rlx,54450
2019-buick-cascada,33070
2018-acura-rdx,36775
2019-bmw-4,45000
2018-cadillac-ct6,54095
2000-bmw-3,26990
2007-buick-lacross,22230
2020-bmw-x3,2000
2003-lexus-sc,62025
2019-chevrolet-silverado+2500hd,9000
2009-bmw-7,81125
2009-pontiac-solstice,24275
2007-mercedes-benz-r-class,43000
2001-bmw-3-series,26990
2001-jaguar-s,43655
2013-bmw-1-series,31200
2015-bmw-5-series,49950
2015-bmw-4-series,40600
2020-bmw-3,2000
2000-ford-e,11855
2003-land-rover,34350
2019-hyundai-ioniq,22400
2008-lexus-lx,73800
2006-buick-lacross,22935
2007-lincoln-navigato,45755
2010-lexus-hs250,34650
2001-volvo-s60,26500
2009-bmw-1-series,29400
2002-mercedes-benz-g-class,72500
2000-kia-sportage,13995
2002-chrysler-300m,28340
2005-mitsubishi-lancer,14299
2001-chrysler-lhs,28680
2004-bmw-3-series,27800
2011-honda--,21180
2012-honda--,21380
2008-dodge-gran,26805
2001-lexus-lx,61405
2008-jeep-wrangle,18660
2001-cadillac-eldorado,40036
2005-bmw-5,41300
2004-lexus-lx,64175
2020-ford-expedition,1695
2019-mercedes-benz-cla,2000
2009-bmw-1,29400
2017-lexus-gs,46310
2004-volkswagen-phaeton,64000
2007-audi-q,49900
2000-mazda-miata,20545
2012-honda-cr,22295
2006-lexus-gx-470,46225
2013-honda-cr,22795
2006-mazda-mx,21435
2016-volvo-xc70,37000
2007-jaguar-s-type,48335
2000-ford-/,16940
2012-mercedes-benz-sls,197000
2011-bmw-7-series,70650
2006-nissan-350,27650
2018-honda-hr,19570
2016-toyota-land,83825
2019-buick-lacrosse,1690
2018-lincoln-mkt,2000
2000-infiniti-i30,29465
2009-mercedes-benz-cls,70700
2000-saturn-ls,15450
2017-jeep-grand+cherokee,30295
2019-lexus-ux,33025
2019-volkswagen-arteon,36000
2017-acura-nsx,158000
2018-mercedes-benz-e-class,10000
2000-honda-insight,18880
2001-mercedes-benz-clk-class,41950
2006-mazda-rx-8,26435
2016-lexus-gx460,50140
2003-ford-zx2,12815
2017-hyundai-santa+fe,30800
2019-bmw-x7,74895
2002-mazda-mpv,22250
2003-volvo-s80,36455
2010-bmw-6,78450
2004-kia-spectra,12620
2005-chevrolet-taho,34750
2000-mercedes-benz-clk,41600
2000-mitsubishi-diamante,24997
2013-toyota-rav,23300
2004-hyundai-elantr,13299
2005-mercury-monterey,29010
2000-volvo-s40,22900
2014-chevrolet-cruze.,17270
2007-toyota-4,27635
2020-subaru-legacy,23645
2008-volvo-s,24365
2010-mercedes-benz-cl,110400
2010-honda-c,15455
2009-infiniti-ex,33800
2018-fiat-500x,19995
2006-bmw-6,71800
2016-lincoln-mks,39010
2018-audi-a6,49700
2007-mercedes-benz-clk-class,46200
2020-chevrolet-sonic,17595
2008-bmw-z4,36400
2002-land-rover,33350
2020-chevrolet-bolt,37495
2020-dodge-durango,31990
2008-chevrolet-cobal,13675
2011-ford-explore,28995
2018-lexus-gx,51855
2000-honda-cr,18650
2006-bmw-7,71800
2008-ford-f,17645
2013-fiat-500e,35000
2007-mercedes-benz-cl-class,99900
2020-mini-cooper,2000
2007-honda-ody,25645
2010-bmw-z4,46000
2012-ford-explore,28870
2008-ford-e,25565
2005-buick-rainier,35080
2004-bmw-6,69300
2001-dodge-intrepid,20910
2017-ford-e,28950
2009-honda-civic.,15305
2008-pontiac-gr,22210
2018-mercedes-benz-c,40250
2009-volkswagen-jett,17340
2011-mercedes-benz-s,185750
2007-mazda-rx-8,26435
2015-ford-transi,29565
2019-jaguar-e-pace,38900
2004-hyundai-xg350,23999
2003-jaguar-s,42495
2012-hyundai-azera,32000
2011-mercedes-benz-cl,113150
2007-mercedes-benz-sl,94800
2006-kia-rio,10570
2003-lexus-ls,54925
2020-cadillac-xt4,2500
2020-hyundai-tucson,24000
2018-mercedes-benz-cla,4000
2005-infiniti-q45,55900
2012-jeep-grand+cherokee,26995
2004-ford-explorer+sport+trac,23195
2017-land-rover,2000
2004-nissan-sentr,12200
2019-mini-countryman,2000
2017-bmw-7+series,81300
2016-mercedes-benz-gl,64550
2019-jeep-grand+cherokee,1495
2009-dodge-grand+caravan,27825
2014-jeep-grand+cherokee,28795
2002-lexus-lx,61855
2014-jaguar-f,69000
2002-saturn-l,16370
2016-fiat-500l,19495
2020-acura-mdx,2000
2000-hyundai-sonata,14999
2011-chevrolet-taho,37570
2015-tesla-s,80000
2004-volvo-xc,34790
2009-volvo-c70,39800
2011-volkswagen-jett,15995
2003-infiniti-g,27100
2002-mercedes-benz-m-class,36300
2013-mercedes-benz-g,61570
2001-honda-insight,18880
2009-cadillac-cts-v,55000
2002-chevrolet-s,13852
2012-ford-expedition.,36305
2014-mazda-cx,21195
2018-toyota-c,22500
2010-chevrolet-travers,29224
2005-ford-free,23910
2009-toyota-fj,23320
2000-chevrolet-tracker,13925
2014-toyota-rav,23550
2000-buick-le,22890
2017-bmw-4-series,42150
2016-mercedes-benz-slk,47000
2006-chevrolet-c,13900
2004-dodge-caravan,21130
2017-volvo-s,33950
2017-bmw-5-series,51200
2002-acura-3.5,43150
2010-lexus-hs250h,34650
2016-hyundai-azera,34100
2019-mercedes-benz-e-class,53500
2015-bmw-m3,62000
2002-hyundai-xg350,23999
2003-mercedes-benz-s,72600
2005-gmc-en,29750
2012-land-rover,49750
2013-lexus-ct200h,31850
2013-fiat-500e.,35000
2018-kia-cadenza,3000
2010-kia-soul+,13300
2020-bmw-4,2000
2002-honda-passport,23300
2001-volvo-c,43500
2003-chrysler-300,28490
2020-honda-cr-v,1500
2015-toyota-4,33210
2001-chrysler-300m,29640
2006-lexus-sc,65355
2007-mercedes-benz-e,52325
2006-mazda-rx,26435
2008-land-rover,33985
2006-dodge-neon,13800
2001-kia-rio,8595
2001-chrysler-t,24430
2009-nissan-370,29930
2006-honda-insight,19330
2002-bmw-3-series,27100
2004-toyota-4,27170
2000-saturn-sl,10685
2009-mercedes-benz-s,89350
2018-lexus-lc,92000
2019-chevrolet-bolt,37500
2000-bmw-3-series,26990
2013-mercedes-benz-sl,100000
2006-toyota-4,27635
2002-bmw-7,67850
2001-kia-sportage,14395
2016-jeep-wrangle,23495
2007-bmw-7,75000
2010-honda-cr,21545
2007-mercedes-benz-gl,54900
2003-ford-focu,12680
2004-ford-explore,26285
2005-ford-e,19265
2009-mazda-rx,26435
2016-honda-hr,19115
2011-volvo-s,37700
2006-mercedes-benz-slk,42900
2020-ford-ranger,2400
2003-volvo-xc90,33350
2007-mercedes-benz-s,85400
2013-toyota-land,78255
2003-nissan-350,26269
2002-kia-spectra,10995
2018-toyota-4,34410
2020-cadillac-xt6,2000
2017-infiniti-q70,50100
2013-jaguar-xk,79000
2018-jaguar-f,42065
2019-volvo-xc90,47700
2002-bmw-5-series,36595
2018-chevrolet-cruz,16975
2016-hyundai-equus,62450
2002-ford-e,18415
2005-pontiac-montana/,24520
2018-volvo-xc60,41500
2008-mitsubishi-evolution,32990
2012-toyota-matrix,18845
2014-mercedes-benz-gl,37480
2020-dodge-challenger,3000
2011-acura-zdx,45645
2003-mercedes-benz-m-class,36950
2014-bmw-4-series,40500
2020-bmw-z4,50695
2009-mercedes-benz-gl,59075
2020-honda-hr-v,21000
2003-saturn-l,17620
2005-jaguar-x,30830
2016-ford-f-,60000
2000-honda-prelude,23500
2017-fiat-500x,19995
2019-volvo-s60,36795
2019-audi-a5,45000
2007-land-rover,41435
2019-mercedes-benz-gla,33950
2005-mercedes-benz-sl,89900
2015-lexus-lx,83180
2001-chrysler-concorde,22510
2014-mercedes-benz-glk,37480
2000-toyota-4,21938
2016-mercedes-benz-cls,66900
2014-lexus-lx,82630
2000-acura-3.5,42000
2002-mercedes-benz-s,71850
2005-mercedes-benz-e,49220
2001-volkswagen-euro,26200
2007-jaguar-s,48335
2019-bmw-4-series,45000
2007-bmw-6,73900
2006-infiniti-fx,37800
2013-honda-cr-z,19975
2013-hyundai-equus,59250
2008-mercedes-benz-cl,103100
2013-lexus-lx,80930
2020-toyota-sequoia,51200
2013-ford-c-,25200
2014-bmw-i8,135700
2007-ford-/,25320
2017-toyota-4,34210
2019-toyota-c-hr,1300
2011-audi-a,27270
2019-bmw-x1,36000
2004-infiniti-fx,34350
2008-infiniti-ex-,31300
2013-ford-focu,16200
2000-bmw-740,62970
2006-mercedes-benz-c,29200
2011-buick-la,26495
2018-infiniti-qx30,29950
2010-buick-lacross,27085
2006-infiniti-m,39900
2012-volvo-xc,33300
2018-jaguar-xf,47775
2005-chrysler-pacific,24315
2001-mazda-b,14755
2000-mercedes-benz-e55,69800
2007-dodge-charge,22800
2000-toyota-rav,16668
2018-jaguar-xe,38225
2002-bmw-745,67850
2005-mercedes-benz-c,25850
2000-infiniti-q45,48895
2018-bmw-7,83100
2007-mercedes-benz-r,43000
2012-mitsubishi-i,29125
2018-lexus-nx,35985
2018-toyota-land,83665
2020-toyota-prius,25000
2005-nissan-350,26500
2004-mercedes-benz-c,26020
2008-mercedes-benz-c63,53800
2008-cadillac-escala,54740
2011-mazda-rx-8,26795
2000-chrysler-300,29085
2003-chrysler-concorde,22660
2013-mercedes-benz-s,100000
2006-pontiac-g,17865
2001-subaru-outbac,22895
2005-gmc-c,16025
2016-honda-cr-z,20295
2017-mercedes-benz-g,39150
2019-buick-regal,25070
2002-volvo-s40,23900
2010-mercedes-benz-gl,59950
2018-mazda-cx,19960
2010-audi-r8,195000
2012-buick-lacross,29960
2002-infiniti-i,28750
2011-bmw-1-series,29150
2004-bmw-6-series,69300
2004-mercedes-benz-m-class,36950
2011-chevrolet-travers,29224
2010-mercedes-benz-s,87950
2008-chevrolet-/,33435
2010-ford-fiesta,13500
2006-mercedes-benz-r,48000
2008-audi-a,25930
2011-infiniti-ex,34150
2013-mercedes-benz-cl-class,115300
2004-pontiac-vi,16605
2008-honda-odyssey-,25645
2008-subaru--,16995
2000-cadillac-catera,30860
2004-infiniti-g,27950
2014-chevrolet-silvera,30405
2002-pontiac-aztek,20295
2015-lexus-ct200h,32050
2013-acura-zdx,50920
2016-chrysler-20,21995
2004-nissan-350,26370
2006-volvo-s,23755
2003-mercedes-benz-c,24950
2002-mazda-truck,12840
2009-toyota-land,64755
2000-chevrolet-c,13065
2011-chevrolet-ma,21975
2019-mercedes-benz-s-class,12000
2001-bmw-m5,69400
2019-audi-a6,2500
2016-jaguar-f,65000
2009-toyota-yar,12205
2019-bmw-3-series,41245
2010-chrysler-t,25175
2002-ford-f-,18240
2019-jaguar-i-pace,69500
2013-bmw-6-series,76895
2008-ford-//,25565
2001-bmw-7,62900
2000-mercedes-benz-m-class,35300
2008-chevrolet-avalanch,33435
2014-bmw-2-series,32100
2015-ford-mustan,23600
2016-toyota-4,33810
2017-chevrolet-,70000
2014-toyota-tacom,17875
2008-pontiac-gran,22210
2002-toyota-sienna+,23905
2003-jeep-gr,25665
2013-mercedes-benz-sl550,105500
2012-audi-a,37100
2008-bmw-x,39425
2005-chevrolet-c,13625
2020-infiniti-qx60,20000
2020-bmw-7,87445
2019-mercedes-benz-g,33950
2014-audi-a&,27000
2017-volvo-xc,40950
2008-jeep-wrangler!,18660
2015-dodge-gran,21395
2007-mercedes-benz-cls-class,66900
2007-mitsubishi-eclips,28289
2008-infiniti-qx,52250
2000-bmw-740i,62970
2008-honda-ridge,28000
2018-audi-r8,164900
2008-jaguar-s-type,48335
2004-volvo-s,26960
2018-mini-countryman,26600
2000-hyundai-tiburon,13999
2005-bmw-6,69900
2001-jeep-wrangle,14890
2001-bmw-m,69400
2020-kia-forte,19000
2019-mercedes-benz-cls,69200
2017-dodge-charge,35000
2019-lexus-is,39000
2009-bmw-x,47500
2013-volvo-xc,39500
2008-audi-r8,109000
2019-infiniti-q60,2000
2009-kia-borreg,26245
2019-mercedes-benz-sl-class,89150
2014-volvo-xc70,34500
2009-toyota-sienna's,20375
2011-mazda-/,13980
2003-chevrolet-av,31394
